-- phpMyAdmin SQL Dump
-- version 5.0.2
-- https://www.phpmyadmin.net/
--
-- Hôte : localhost
-- Généré le : lun. 31 août 2020 à 18:37
-- Version du serveur :  10.5.5-MariaDB
-- Version de PHP : 7.4.9

SET SQL_MODE = "NO_AUTO_VALUE_ON_ZERO";
START TRANSACTION;
SET time_zone = "+00:00";


/*!40101 SET @OLD_CHARACTER_SET_CLIENT=@@CHARACTER_SET_CLIENT */;
/*!40101 SET @OLD_CHARACTER_SET_RESULTS=@@CHARACTER_SET_RESULTS */;
/*!40101 SET @OLD_COLLATION_CONNECTION=@@COLLATION_CONNECTION */;
/*!40101 SET NAMES utf8mb4 */;

--
-- Base de données : `processeur`
--

-- --------------------------------------------------------

--
-- Structure de la table `fabricant`
--

CREATE TABLE `fabricant` (
  `fab_ref` char(16) NOT NULL,
  `fab_nom` char(48) NOT NULL,
  `fab_web` char(32) NOT NULL,
  `fab_coord` varchar(256) NOT NULL
) ENGINE=InnoDB DEFAULT CHARSET=utf8;

--
-- Déchargement des données de la table `fabricant`
--

INSERT INTO `fabricant` (`fab_ref`, `fab_nom`, `fab_web`, `fab_coord`) VALUES
('AMD', 'Advanced Micro Devices, Inc', 'https://www.amd.com', '2485 Augustine Drive\r\nSanta Clara, CA \r\n95054\r\nTel: +1 408-749-4000​'),
('INTEL', 'Intel Corporation', 'https://www.intel.com', '2200 Mission College Blvd.\r\nSanta Clara, CA 95054-1549\r\nUSA\r\n(408) 765-8080\r\n');

-- --------------------------------------------------------

--
-- Structure de la table `processeur`
--

CREATE TABLE `processeur` (
  `reference` char(38) NOT NULL,
  `libelle` varchar(64) NOT NULL,
  `prix` decimal(6,2) DEFAULT NULL,
  `score_multi` int(11) DEFAULT NULL,
  `score_mono` int(11) DEFAULT NULL,
  `watt` int(11) NOT NULL,
  `annee` year(4) DEFAULT NULL,
  `utilisation` char(16) NOT NULL,
  `fabricant` char(16) NOT NULL,
  `socket` char(16) NOT NULL
) ENGINE=InnoDB DEFAULT CHARSET=utf8;

--
-- Déchargement des données de la table `processeur`
--

INSERT INTO `processeur` (`reference`, `libelle`, `prix`, `score_multi`, `score_mono`, `watt`, `annee`, `utilisation`, `fabricant`, `socket`) VALUES
('A10-5700 APU', 'AMD A10-5700 APU', '64.50', 4215, 1358, 65, 2012, 'Desktop', 'AMD', 'FM2FM2Plus'),
('A10-5800K APU', 'AMD A10-5800K APU', '249.95', 4648, 1456, 100, 2012, 'Desktop', 'AMD', 'FM2FM2Plus'),
('A10-6700 APU', 'AMD A10-6700 APU', '116.99', 4603, 1518, 65, 2013, 'Desktop', 'AMD', 'FM2FM2Plus'),
('A10-6700T APU', 'AMD A10-6700T APU', '147.61', 3711, 1204, 45, 2014, 'Desktop', 'AMD', 'FM2FM2Plus'),
('A10-6790K APU', 'AMD A10-6790K APU', '94.99', 4718, 1482, 100, 2013, 'Desktop', 'AMD', 'FM2FM2Plus'),
('A10-6800K APU', 'AMD A10-6800K APU', '87.76', 4863, 1532, 100, 2013, 'Desktop', 'AMD', 'FM2FM2Plus'),
('A10-7700K APU', 'AMD A10-7700K APU', '125.47', 5118, 1504, 95, 2014, 'Desktop', 'AMD', 'FM2FM2Plus'),
('A10-7800 APU', 'AMD A10-7800 APU', '103.39', 4976, 1538, 65, 2014, 'Desktop', 'AMD', 'FM2FM2Plus'),
('A10-7850K APU', 'AMD A10-7850K APU', '167.33', 5465, 1576, 95, 2014, 'Desktop', 'AMD', 'FM2FM2Plus'),
('A10-7860K', 'AMD A10-7860K', '175.00', 5036, 1569, 65, 2016, 'Desktop', 'AMD', 'FM2FM2Plus'),
('A10-7870K', 'AMD A10-7870K', '226.99', 5476, 1580, 95, 2015, 'Desktop', 'AMD', 'FM2FM2Plus'),
('A10-7890K', 'AMD A10-7890K', '199.99', 5701, 1717, 95, 2016, 'Desktop', 'AMD', 'FM2FM2Plus'),
('A10-9700', 'AMD A10-9700', '87.99', 5386, 1726, 65, 2016, 'Desktop', 'AMD', 'AM4'),
('A10-9700E', 'AMD A10-9700E', '154.10', 4727, 1545, 35, 2017, 'Desktop', 'AMD', 'AM4'),
('A12-9800', 'AMD A12-9800', '148.24', 5588, 1862, 65, 2016, 'Desktop', 'AMD', 'AM4'),
('A12-9800E', 'AMD A12-9800E', '160.17', 5031, 1621, 35, 2017, 'Desktop', 'AMD', 'AM4'),
('A4-3300 APU', 'AMD A4-3300 APU', '12.99', 1504, 836, 65, 2011, 'Desktop', 'AMD', 'FM1'),
('A4-3400 APU', 'AMD A4-3400 APU', '87.95', 1594, 903, 65, 2011, 'Desktop', 'AMD', 'FM1'),
('A4-4000 APU', 'AMD A4-4000 APU', '128.27', 1826, 1112, 65, 2013, 'Desktop', 'AMD', 'FM2FM2Plus'),
('A4-4020 APU', 'AMD A4-4020 APU', '83.00', 1909, 1164, 65, 2014, 'Desktop', 'AMD', 'FM2FM2Plus'),
('A4-5300 APU', 'AMD A4-5300 APU', '110.32', 2023, 1243, 65, 2012, 'Desktop', 'AMD', 'FM2FM2Plus'),
('A4-5300B APU', 'AMD A4-5300B APU', '38.00', 2139, 1289, 65, 2012, 'Desktop', 'AMD', 'FM2FM2Plus'),
('A4-6300 APU', 'AMD A4-6300 APU', '45.55', 2228, 1356, 65, 2013, 'Desktop', 'AMD', 'FM2FM2Plus'),
('A4-6300B APU', 'AMD A4-6300B APU', '100.00', 2159, 1403, 65, 2013, 'Desktop', 'AMD', 'NA'),
('A4-6320 APU', 'AMD A4-6320 APU', '69.99', 2329, 1425, 65, 2014, 'Desktop', 'AMD', 'FM2FM2Plus'),
('A4-7300 APU', 'AMD A4-7300 APU', '112.00', 2315, 1394, 65, 2014, 'Desktop', 'AMD', 'FM2FM2Plus'),
('A6-3500 APU', 'AMD A6-3500 APU', '39.99', 2029, 752, 65, 2011, 'Desktop', 'AMD', 'FM1'),
('A6-3600 APU', 'AMD A6-3600 APU', '22.99', 2707, 757, 65, 2011, 'Desktop', 'AMD', 'FM1'),
('A6-3620 APU', 'AMD A6-3620 APU', '59.99', 2792, 788, 65, 2012, 'Desktop', 'AMD', 'FM1'),
('A6-3650 APU', 'AMD A6-3650 APU', '31.99', 3141, 899, 100, 2011, 'Desktop', 'AMD', 'FM1'),
('A6-3670 APU', 'AMD A6-3670 APU', '610.00', 3164, 930, 100, 2012, 'Desktop', 'AMD', 'FM1'),
('A6-5400B APU', 'AMD A6-5400B APU', '105.04', 2237, 1333, 65, 2013, 'Desktop', 'AMD', 'FM2FM2Plus'),
('A6-5400K APU', 'AMD A6-5400K APU', '62.02', 2165, 1307, 65, 2012, 'Desktop', 'AMD', 'FM2FM2Plus'),
('A6-6400K APU', 'AMD A6-6400K APU', '70.97', 2317, 1405, 65, 2013, 'Desktop', 'AMD', 'FM2FM2Plus'),
('A6-6420K APU', 'AMD A6-6420K APU', '149.99', 2373, 1464, 65, 2014, 'Desktop', 'AMD', 'FM2FM2Plus'),
('A6-7400K APU', 'AMD A6-7400K APU', '135.00', 2784, 1581, 65, 2014, 'Desktop', 'AMD', 'FM2FM2Plus'),
('A6-7470K', 'AMD A6-7470K', '120.56', 2739, 1659, 65, 2016, 'Desktop', 'AMD', 'FM2FM2Plus'),
('A6-7480', 'AMD A6-7480', '43.99', 3096, 1783, 65, 2019, 'Desktop', 'AMD', 'FM2FM2Plus'),
('A6-9500', 'AMD A6-9500', '58.99', 3038, 1770, 65, 2016, 'Desktop', 'AMD', 'AM4'),
('A6-9500E', 'AMD A6-9500E', '107.23', 2889, 1631, 35, 2018, 'Desktop', 'AMD', 'AM4'),
('A8-3800 APU', 'AMD A8-3800 APU', '119.95', 3004, 853, 65, 2011, 'Desktop', 'AMD', 'FM1'),
('A8-3820 APU', 'AMD A8-3820 APU', '124.99', 3102, 876, 65, 2012, 'Desktop', 'AMD', 'FM1'),
('A8-3850 APU', 'AMD A8-3850 APU', '105.68', 3458, 994, 100, 2011, 'Desktop', 'AMD', 'FM1'),
('A8-3870K APU', 'AMD A8-3870K APU', '149.67', 3531, 1024, 100, 2011, 'Desktop', 'AMD', 'FM1'),
('A8-5500 APU', 'AMD A8-5500 APU', '56.50', 4000, 1268, 65, 2012, 'Desktop', 'AMD', 'FM2FM2Plus'),
('A8-5600K APU', 'AMD A8-5600K APU', '229.30', 4345, 1375, 100, 2012, 'Desktop', 'AMD', 'FM2FM2Plus'),
('A8-6500 APU', 'AMD A8-6500 APU', '94.99', 4399, 1441, 65, 2013, 'Desktop', 'AMD', 'FM2FM2Plus'),
('A8-6600K APU', 'AMD A8-6600K APU', '96.99', 4593, 1461, 100, 2013, 'Desktop', 'AMD', 'FM2FM2Plus'),
('A8-7600 APU', 'AMD A8-7600 APU', '146.94', 5057, 1542, 65, 2014, 'Desktop', 'AMD', 'FM2FM2Plus'),
('A8-7650K', 'AMD A8-7650K', '230.00', 4924, 1468, 65, 2015, 'Desktop', 'AMD', 'FM2FM2Plus'),
('A8-7670K', 'AMD A8-7670K', '161.10', 5089, 1540, 95, 2015, 'Desktop', 'AMD', 'FM2FM2Plus'),
('A8-9600', 'AMD A8-9600', '69.39', 4959, 1573, 65, 2017, 'Desktop', 'AMD', 'AM4'),
('Athlon 1640B', 'AMD Athlon 1640B', '50.00', 670, 776, 45, 2009, 'Desktop', 'AMD', 'AM2AM2Plus'),
('Athlon 200GE', 'AMD Athlon 200GE', '72.49', 4957, 1638, 35, 2018, 'Desktop', 'AMD', 'AM4'),
('Athlon 240GE', 'AMD Athlon 240GE', '68.99', 5427, 1814, 35, 2019, 'Desktop', 'AMD', 'AM4'),
('Athlon 3000G', 'AMD Athlon 3000G', '54.99', 5315, 1790, 35, 2019, 'Desktop', 'AMD', 'AM4'),
('Athlon 5000 Dual-Core', 'AMD Athlon 5000 Dual-Core', '119.95', 1292, 746, 65, 2009, 'Desktop', 'AMD', 'AM2AM2Plus'),
('Athlon 5150 APU', 'AMD Athlon 5150 APU', '159.95', 2112, 634, 25, 2014, 'Desktop', 'AMD', 'AM1'),
('Athlon 5200 Dual-Core', 'AMD Athlon 5200 Dual-Core', '29.99', 1266, 756, 75, 2010, 'Desktop', 'AMD', 'AM2AM2Plus'),
('Athlon 5350 APU', 'AMD Athlon 5350 APU', '109.99', 2611, 807, 25, 2014, 'Desktop', 'AMD', 'AM1'),
('Athlon 5370 APU', 'AMD Athlon 5370 APU', '63.70', 2915, 872, 25, 2016, 'Desktop', 'AMD', 'AM1'),
('Athlon 64 3000+', 'AMD Athlon 64 3000+', '60.00', 464, 550, 89, 2008, 'Desktop', 'AMD', 'Socket754'),
('Athlon 64 FX-53', 'AMD Athlon 64 FX-53', '29.99', 646, 0, 89, 2009, 'Desktop', 'AMD', 'Socket940'),
('Athlon 64 FX-55', 'AMD Athlon 64 FX-55', '179.95', 721, 767, 104, 2009, 'Desktop', 'AMD', 'Socket939'),
('Athlon 64 FX-74', 'AMD Athlon 64 FX-74', '499.50', 1495, 949, 125, 2009, 'Desktop', 'AMD', 'F(1207)'),
('Athlon 64 X2 4200+', 'AMD Athlon 64 X2 4200+', '308.95', 1285, 0, 89, 2009, 'Desktop', 'AMD', 'Socket939'),
('Athlon 64 X2 Dual Core 3600+', 'AMD Athlon 64 X2 Dual Core 3600+', '60.00', 962, 591, 65, 2008, 'Desktop', 'AMD', 'AM2AM2Plus'),
('Athlon 64 X2 Dual Core 4200+', 'AMD Athlon 64 X2 Dual Core 4200+', '204.95', 1096, 666, 89, 2008, 'Desktop', 'AMD', 'AM2AM2Plus'),
('Athlon 64 X2 Dual Core 4400+', 'AMD Athlon 64 X2 Dual Core 4400+', '59.99', 1145, 690, 65, 2008, 'Desktop', 'AMD', 'AM2AM2Plus'),
('Athlon 64 X2 Dual Core 4600+', 'AMD Athlon 64 X2 Dual Core 4600+', '359.95', 1220, 725, 65, 2008, 'Desktop', 'AMD', 'AM2AM2Plus'),
('Athlon 64 X2 Dual Core 4800+', 'AMD Athlon 64 X2 Dual Core 4800+', '459.95', 1253, 746, 65, 2008, 'Desktop', 'AMD', 'AM2AM2Plus'),
('Athlon 64 X2 Dual Core 5000+', 'AMD Athlon 64 X2 Dual Core 5000+', '331.49', 1314, 782, 65, 2008, 'Desktop', 'AMD', 'AM2AM2Plus'),
('Athlon 64 X2 Dual Core 5200+', 'AMD Athlon 64 X2 Dual Core 5200+', '60.00', 1382, 809, 65, 2008, 'Desktop', 'AMD', 'AM2AM2Plus'),
('Athlon 64 X2 Dual Core 5400+', 'AMD Athlon 64 X2 Dual Core 5400+', '52.99', 1444, 843, 65, 2008, 'Desktop', 'AMD', 'AM2AM2Plus'),
('Athlon 64 X2 Dual Core 5600+', 'AMD Athlon 64 X2 Dual Core 5600+', '179.95', 1487, 849, 89, 2008, 'Desktop', 'AMD', 'AM2AM2Plus'),
('Athlon 64 X2 Dual Core 5800+', 'AMD Athlon 64 X2 Dual Core 5800+', '24.99', 1516, 884, 89, 2009, 'Desktop', 'AMD', 'NA'),
('Athlon 64 X2 Dual Core 6000+', 'AMD Athlon 64 X2 Dual Core 6000+', '45.95', 1602, 899, 89, 2008, 'Desktop', 'AMD', 'AM2AM2Plus'),
('Athlon 64 X2 Dual Core 6400+', 'AMD Athlon 64 X2 Dual Core 6400+', '259.95', 1784, 970, 125, 2008, 'Desktop', 'AMD', 'AM2AM2Plus'),
('Athlon 7550 Dual-Core', 'AMD Athlon 7550 Dual-Core', '60.00', 1472, 846, 95, 2009, 'Desktop', 'AMD', 'AM2AM2Plus'),
('Athlon 7750 Dual-Core', 'AMD Athlon 7750 Dual-Core', '152.99', 1569, 897, 95, 2009, 'Desktop', 'AMD', 'AM2AM2Plus'),
('Athlon 7850 Dual-Core', 'AMD Athlon 7850 Dual-Core', '209.65', 1710, 955, 95, 2009, 'Desktop', 'AMD', 'AM2AM2Plus'),
('Athlon Dual Core 4450B', 'AMD Athlon Dual Core 4450B', '31.00', 1170, 687, 45, 2009, 'Desktop', 'AMD', 'AM2AM2Plus'),
('Athlon Dual Core 4850e', 'AMD Athlon Dual Core 4850e', '39.00', 1312, 752, 45, 2009, 'Desktop', 'AMD', 'AM2AM2Plus'),
('Athlon Dual Core 5000B', 'AMD Athlon Dual Core 5000B', '95.00', 1308, 783, 65, 2009, 'Desktop', 'AMD', 'AM2AM2Plus'),
('Athlon Dual Core 5050e', 'AMD Athlon Dual Core 5050e', '60.00', 1346, 784, 45, 2009, 'Desktop', 'AMD', 'AM2AM2Plus'),
('Athlon II 160u', 'AMD Athlon II 160u', '29.99', 563, 570, 20, 2010, 'Desktop', 'AMD', 'NA'),
('Athlon II 170u', 'AMD Athlon II 170u', '17.99', 627, 633, 20, 2010, 'Desktop', 'AMD', 'AM3AM3Plus'),
('Athlon II X2 215', 'AMD Athlon II X2 215', '11.99', 1567, 906, 65, 2009, 'Desktop', 'AMD', 'AM3AM3Plus'),
('Athlon II X2 220', 'AMD Athlon II X2 220', '32.19', 1635, 934, 65, 2010, 'Desktop', 'AMD', 'AM3AM3Plus'),
('Athlon II X2 235e', 'AMD Athlon II X2 235e', '181.88', 1658, 916, 45, 2009, 'Desktop', 'AMD', 'AM3AM3Plus'),
('Athlon II X2 240', 'AMD Athlon II X2 240', '15.99', 1644, 939, 65, 2009, 'Desktop', 'AMD', 'AM3AM3Plus'),
('Athlon II X2 240e', 'AMD Athlon II X2 240e', '34.95', 1697, 957, 45, 2009, 'Desktop', 'AMD', 'AM3AM3Plus'),
('Athlon II X2 245', 'AMD Athlon II X2 245', '34.95', 1660, 953, 65, 2009, 'AM3', 'AMD', 'AM2AM2Plus'),
('Athlon II X2 245e', 'AMD Athlon II X2 245e', '84.27', 1714, 952, 45, 2011, 'Desktop', 'AMD', 'AM3AM3Plus'),
('Athlon II X2 250', 'AMD Athlon II X2 250', '38.95', 1737, 1003, 65, 2009, 'Desktop', 'AMD', 'AM3AM3Plus'),
('Athlon II X2 250e', 'AMD Athlon II X2 250e', '76.73', 1939, 1056, 45, 2011, 'Desktop', 'AMD', 'AM3AM3Plus'),
('Athlon II X2 250u', 'AMD Athlon II X2 250u', '34.95', 1004, 553, 25, 2010, 'Desktop', 'AMD', 'AM3AM3Plus'),
('Athlon II X2 255', 'AMD Athlon II X2 255', '65.22', 1842, 1045, 65, 2010, 'Desktop', 'AMD', 'AM3AM3Plus'),
('Athlon II X2 260', 'AMD Athlon II X2 260', '19.99', 1878, 1074, 65, 2010, 'Desktop', 'AMD', 'AM3AM3Plus'),
('Athlon II X2 260u', 'AMD Athlon II X2 260u', '83.44', 1107, 610, 25, 2010, 'Desktop', 'AMD', 'AM3AM3Plus'),
('Athlon II X2 265', 'AMD Athlon II X2 265', '82.88', 1892, 1116, 65, 2010, 'Desktop', 'AMD', 'AM3AM3Plus'),
('Athlon II X2 270', 'AMD Athlon II X2 270', '23.99', 1975, 1151, 65, 2011, 'Desktop', 'AMD', 'AM3AM3Plus'),
('Athlon II X2 270u', 'AMD Athlon II X2 270u', '67.67', 1285, 698, 25, 2010, 'Desktop', 'AMD', 'AM3AM3Plus'),
('Athlon II X2 B22', 'AMD Athlon II X2 B22', '41.69', 1715, 968, 65, 2010, 'Desktop', 'AMD', 'AM3AM3Plus'),
('Athlon II X2 B24', 'AMD Athlon II X2 B24', '34.10', 1787, 1023, 65, 2010, 'Desktop', 'AMD', 'AM3AM3Plus'),
('Athlon II X2 B28', 'AMD Athlon II X2 B28', '49.05', 2085, 1170, 65, 2012, 'Desktop', 'AMD', 'AM3AM3Plus'),
('Athlon II X3 400e', 'AMD Athlon II X3 400e', '107.43', 2000, 754, 45, 2009, 'Desktop', 'AMD', 'AM3AM3Plus'),
('Athlon II X3 405e', 'AMD Athlon II X3 405e', '79.99', 2000, 792, 45, 2010, 'Desktop', 'AMD', 'AM3AM3Plus'),
('Athlon II X3 415e', 'AMD Athlon II X3 415e', '75.00', 2224, 851, 45, 2010, 'Desktop', 'AMD', 'AM3AM3Plus'),
('Athlon II X3 420e', 'AMD Athlon II X3 420e', '116.15', 2285, 824, 45, 2011, 'Desktop', 'AMD', 'AM3AM3Plus'),
('Athlon II X3 425', 'AMD Athlon II X3 425', '26.99', 2304, 923, 95, 2009, 'Desktop', 'AMD', 'AM3AM3Plus'),
('Athlon II X3 435', 'AMD Athlon II X3 435', '29.99', 2470, 1002, 95, 2009, 'Desktop', 'AMD', 'AM3AM3Plus'),
('Athlon II X3 440', 'AMD Athlon II X3 440', '26.99', 2567, 1016, 95, 2010, 'Desktop', 'AMD', 'AM3AM3Plus'),
('Athlon II X3 445', 'AMD Athlon II X3 445', '91.00', 2573, 1049, 95, 2010, 'Desktop', 'AMD', 'AM3AM3Plus'),
('Athlon II X3 450', 'AMD Athlon II X3 450', '34.95', 2618, 1058, 95, 2010, 'Desktop', 'AMD', 'AM3AM3Plus'),
('Athlon II X3 455', 'AMD Athlon II X3 455', '38.99', 2762, 1130, 95, 2010, 'Desktop', 'AMD', 'AM3AM3Plus'),
('Athlon II X3 460', 'AMD Athlon II X3 460', '38.99', 2864, 1169, 95, 2011, 'Desktop', 'AMD', 'AM3AM3Plus'),
('Athlon II X4 600e', 'AMD Athlon II X4 600e', '130.23', 2465, 726, 45, 2009, 'Desktop', 'AMD', 'AM3AM3Plus'),
('Athlon II X4 605e', 'AMD Athlon II X4 605e', '101.80', 2715, 812, 45, 2009, 'Desktop', 'AMD', 'AM3AM3Plus'),
('Athlon II X4 610e', 'AMD Athlon II X4 610e', '69.99', 2789, 833, 45, 2010, 'Desktop', 'AMD', 'AM3AM3Plus'),
('Athlon II X4 615e', 'AMD Athlon II X4 615e', '59.00', 2899, 867, 45, 2010, 'Desktop', 'AMD', 'AM3AM3Plus'),
('Athlon II X4 620', 'AMD Athlon II X4 620', '69.99', 2927, 905, 95, 2009, 'Desktop', 'AMD', 'AM3AM3Plus'),
('Athlon II X4 630', 'AMD Athlon II X4 630', '62.95', 3131, 956, 95, 2009, 'Desktop', 'AMD', 'AM3AM3Plus'),
('Athlon II X4 631 Quad-Core', 'AMD Athlon II X4 631 Quad-Core', '80.00', 3142, 903, 100, 2011, 'Desktop', 'AMD', 'FM1'),
('Athlon II X4 635', 'AMD Athlon II X4 635', '69.95', 3228, 987, 95, 2010, 'Desktop', 'AMD', 'AM3AM3Plus'),
('Athlon II X4 638 Quad-Core', 'AMD Athlon II X4 638 Quad-Core', '26.49', 3198, 923, 65, 2015, 'Desktop', 'AMD', 'FM1'),
('Athlon II X4 640', 'AMD Athlon II X4 640', '79.95', 3309, 1024, 95, 2010, 'Desktop', 'AMD', 'AM3AM3Plus'),
('Athlon II X4 641 Quad-Core', 'AMD Athlon II X4 641 Quad-Core', '91.50', 3343, 974, 100, 2012, 'Desktop', 'AMD', 'FM1'),
('Athlon II X4 645', 'AMD Athlon II X4 645', '49.99', 3461, 1069, 95, 2010, 'Desktop', 'AMD', 'AM3AM3Plus'),
('Athlon LE-1600', 'AMD Athlon LE-1600', '21.00', 557, 631, 45, 2009, 'Desktop', 'AMD', 'AM2AM2Plus'),
('Athlon LE-1620', 'AMD Athlon LE-1620', '18.00', 578, 678, 45, 2009, 'Desktop', 'AMD', 'AM2AM2Plus'),
('Athlon X4 740 Quad Core', 'AMD Athlon X4 740 Quad Core', '277.00', 4035, 1291, 65, 2012, 'Desktop', 'AMD', 'FM2FM2Plus'),
('Athlon X4 760K Quad Core', 'AMD Athlon X4 760K Quad Core', '41.98', 4603, 1446, 100, 2013, 'Desktop', 'AMD', 'FM2FM2Plus'),
('Athlon X4 840', 'AMD Athlon X4 840', '78.74', 5071, 1560, 65, 2015, 'Desktop', 'AMD', 'FM2FM2Plus'),
('Athlon X4 845', 'AMD Athlon X4 845', '53.13', 5403, 1750, 65, 2016, 'Desktop', 'AMD', 'FM2FM2Plus'),
('Athlon X4 860K', 'AMD Athlon X4 860K', '124.95', 5407, 1600, 95, 2014, 'Desktop', 'AMD', 'FM2FM2Plus'),
('Athlon X4 870K', 'AMD Athlon X4 870K', '79.99', 5335, 1594, 95, 2016, 'Desktop', 'AMD', 'FM2FM2Plus'),
('Athlon X4 880K', 'AMD Athlon X4 880K', '99.99', 5569, 1657, 95, 2016, 'Desktop', 'AMD', 'FM2FM2Plus'),
('Athlon X4 950', 'AMD Athlon X4 950', '134.00', 5229, 1697, 65, 2017, 'Desktop', 'AMD', 'AM4'),
('Athlon XP 1700+', 'AMD Athlon XP 1700+', '61.25', 271, 418, 64, 2009, 'Desktop', 'AMD', 'Socket462'),
('Athlon XP 1800+', 'AMD Athlon XP 1800+', '58.95', 300, 462, 66, 2009, 'Desktop', 'AMD', 'Socket462'),
('Athlon XP 2000+', 'AMD Athlon XP 2000+', '24.99', 300, 479, 70, 2009, 'Desktop', 'AMD', 'Socket462'),
('Athlon XP 3000+', 'AMD Athlon XP 3000+', '79.70', 402, 609, 62, 2009, 'Desktop', 'AMD', 'Socket462'),
('Atom E3815', 'INTEL Atom E3815 @ 1.46GHz', '209.99', 331, 289, 5, 2014, 'Desktop', 'INTEL', 'BGA1170'),
('Atom E3825', 'INTEL Atom E3825 @ 1.33GHz', '70.32', 579, 284, 6, 2014, 'Desktop', 'INTEL', 'BGA1170'),
('Celeron 420', 'INTEL Celeron 420 @ 1.60GHz', '39.99', 451, 543, 35, 2009, 'Desktop', 'INTEL', 'LGA775'),
('Celeron 430', 'INTEL Celeron 430 @ 1.80GHz', '47.18', 487, 597, 35, 2009, 'Desktop', 'INTEL', 'LGA775'),
('Celeron 440', 'INTEL Celeron 440 @ 2.00GHz', '29.99', 544, 662, 35, 2009, 'Desktop', 'INTEL', 'LGA775'),
('Celeron 450', 'INTEL Celeron 450 @ 2.20GHz', '29.99', 626, 733, 35, 2009, 'Desktop', 'INTEL', 'LGA775'),
('Celeron D 365', 'INTEL Celeron D 365 @ 3.60GHz', '89.95', 404, 0, 65, 2009, 'Desktop', 'INTEL', 'LGA775'),
('Celeron E1200', 'INTEL Celeron E1200 @ 1.60GHz', '69.99', 861, 581, 65, 2008, 'Desktop', 'INTEL', 'LGA775'),
('Celeron E1400', 'INTEL Celeron E1400 @ 2.00GHz', '69.99', 1053, 698, 65, 2009, 'Desktop', 'INTEL', 'LGA775'),
('Celeron E1500', 'INTEL Celeron E1500 @ 2.20GHz', '19.65', 1168, 806, 65, 2009, 'Desktop', 'INTEL', 'LGA775'),
('Celeron E3200', 'INTEL Celeron E3200 @ 2.40GHz', '51.99', 1379, 969, 65, 2009, 'Desktop', 'INTEL', 'LGA775'),
('Celeron E3300', 'INTEL Celeron E3300 @ 2.50GHz', '57.00', 1390, 995, 65, 2009, 'Desktop', 'INTEL', 'LGA775'),
('Celeron E3400', 'INTEL Celeron E3400 @ 2.60GHz', '610.00', 1441, 1037, 65, 2010, 'Desktop', 'INTEL', 'LGA775'),
('Celeron E3500', 'INTEL Celeron E3500 @ 2.70GHz', '39.99', 1454, 1056, 65, 2011, 'Desktop', 'INTEL', 'LGA775'),
('Celeron G1101', 'INTEL Celeron G1101 @ 2.27GHz', '19.77', 1667, 910, 73, 2011, 'Desktop', 'INTEL', 'LGA1156'),
('Celeron G1610', 'INTEL Celeron G1610 @ 2.60GHz', '47.00', 2489, 1397, 55, 2012, 'Desktop', 'INTEL', 'LGA1155'),
('Celeron G1610T', 'INTEL Celeron G1610T @ 2.30GHz', '40.04', 2258, 1198, 35, 2013, 'Desktop', 'INTEL', 'LGA1155'),
('Celeron G1620', 'INTEL Celeron G1620 @ 2.70GHz', '64.99', 2578, 1445, 55, 2013, 'Desktop', 'INTEL', 'LGA1155'),
('Celeron G1620T', 'INTEL Celeron G1620T @ 2.40GHz', '42.00', 2362, 1297, 35, 2014, 'Desktop', 'INTEL', 'LGA1155'),
('Celeron G1630', 'INTEL Celeron G1630 @ 2.80GHz', '69.99', 2507, 1483, 55, 2013, 'Desktop', 'INTEL', 'LGA1155'),
('Celeron G1820', 'INTEL Celeron G1820 @ 2.70GHz', '42.99', 2749, 1575, 53, 2014, 'Desktop', 'INTEL', 'LGA1150'),
('Celeron G1820T', 'INTEL Celeron G1820T @ 2.40GHz', '42.00', 2495, 1392, 35, 2014, 'Desktop', 'INTEL', 'LGA1150'),
('Celeron G1830', 'INTEL Celeron G1830 @ 2.80GHz', '94.95', 2568, 1574, 53, 2014, 'Desktop', 'INTEL', 'LGA1150'),
('Celeron G1840', 'INTEL Celeron G1840 @ 2.80GHz', '89.98', 2860, 1634, 53, 2014, 'Desktop', 'INTEL', 'LGA1150'),
('Celeron G1850', 'INTEL Celeron G1850 @ 2.90GHz', '79.99', 2909, 1680, 54, 2014, 'Desktop', 'INTEL', 'LGA1150'),
('Celeron G3900', 'INTEL Celeron G3900 @ 2.80GHz', '44.99', 3112, 1671, 51, 2016, 'Desktop', 'INTEL', 'LGA1151'),
('Celeron G3900T', 'INTEL Celeron G3900T @ 2.60GHz', '112.46', 2925, 1518, 35, 2016, 'Desktop', 'INTEL', 'NA'),
('Celeron G3920', 'INTEL Celeron G3920 @ 2.90GHz', '113.99', 3129, 1609, 51, 2016, 'Desktop', 'INTEL', 'LGA1151'),
('Celeron G3930', 'INTEL Celeron G3930 @ 2.90GHz', '89.59', 3042, 1655, 51, 2017, 'Desktop', 'INTEL', 'LGA1151'),
('Celeron G3930T', 'INTEL Celeron G3930T @ 2.70GHz', '39.95', 2766, 1580, 35, 2018, 'Desktop', 'INTEL', 'LGA1151'),
('Celeron G3930TE', 'INTEL Celeron G3930TE @ 2.70GHz', '42.00', 2946, 1565, 35, 2019, 'Desktop', 'INTEL', 'LGA1151'),
('Celeron G3950', 'INTEL Celeron G3950 @ 3.00GHz', '109.04', 3095, 1631, 51, 2017, 'Desktop', 'INTEL', 'LGA1151'),
('Celeron G440', 'INTEL Celeron G440 @ 1.60GHz', '49.99', 694, 740, 35, 2012, 'Desktop', 'INTEL', 'LGA1155'),
('Celeron G460', 'INTEL Celeron G460 @ 1.80GHz', '65.00', 1040, 826, 35, 2012, 'Desktop', 'INTEL', 'LGA1155'),
('Celeron G465', 'INTEL Celeron G465 @ 1.90GHz', '100.00', 1073, 829, 35, 2012, 'Desktop', 'INTEL', 'LGA1155'),
('Celeron G4900', 'INTEL Celeron G4900 @ 3.10GHz', '79.99', 3290, 1793, 54, 2018, 'Desktop', 'INTEL', 'LGA1151-2'),
('Celeron G4900T', 'INTEL Celeron G4900T @ 2.90GHz', '42.00', 3098, 1679, 35, 2018, 'Desktop', 'INTEL', 'LGA1151-2'),
('Celeron G4920', 'INTEL Celeron G4920 @ 3.20GHz', '63.70', 3255, 1818, 54, 2018, 'Desktop', 'INTEL', 'LGA1151-2'),
('Celeron G4930', 'INTEL Celeron G4930 @ 3.20GHz', '56.95', 3499, 1850, 54, 2019, 'Desktop', 'INTEL', 'LGA1151-2'),
('Celeron G530', 'INTEL Celeron G530 @ 2.40GHz', '39.99', 2125, 1233, 65, 2011, 'Desktop', 'INTEL', 'LGA1155'),
('Celeron G540', 'INTEL Celeron G540 @ 2.50GHz', '45.00', 2198, 1288, 65, 2011, 'Desktop', 'INTEL', 'LGA1155'),
('Celeron G550', 'INTEL Celeron G550 @ 2.60GHz', '80.00', 2291, 1332, 65, 2012, 'Desktop', 'INTEL', 'LGA1155'),
('Celeron G555', 'INTEL Celeron G555 @ 2.70GHz', '109.00', 2422, 1382, 65, 2012, 'Desktop', 'INTEL', 'LGA1155'),
('Core i3-2100', 'INTEL Core i3-2100 @ 3.10GHz', '48.24', 3695, 1584, 65, 2011, 'Desktop', 'INTEL', 'LGA1155'),
('Core i3-2100T', 'INTEL Core i3-2100T @ 2.50GHz', '59.99', 3009, 1250, 35, 2011, 'Desktop', 'INTEL', 'LGA1155'),
('Core i3-2102', 'INTEL Core i3-2102 @ 3.10GHz', '58.00', 3736, 1623, 65, 2016, 'Desktop', 'INTEL', 'LGA1155'),
('Core i3-2105', 'INTEL Core i3-2105 @ 3.10GHz', '114.99', 3716, 1577, 65, 2011, 'Desktop', 'INTEL', 'LGA1155'),
('Core i3-2120', 'INTEL Core i3-2120 @ 3.30GHz', '35.00', 3933, 1690, 65, 2011, 'Desktop', 'INTEL', 'LGA1155'),
('Core i3-2120T', 'INTEL Core i3-2120T @ 2.60GHz', '160.00', 3166, 1310, 35, 2011, 'Desktop', 'INTEL', 'LGA1155'),
('Core i3-2125', 'INTEL Core i3-2125 @ 3.30GHz', '207.00', 4018, 1701, 65, 2011, 'Desktop', 'INTEL', 'LGA1155'),
('Core i3-2130', 'INTEL Core i3-2130 @ 3.40GHz', '35.49', 4075, 1754, 65, 2011, 'Desktop', 'INTEL', 'LGA1155'),
('Core i3-3210', 'INTEL Core i3-3210 @ 3.20GHz', '199.00', 4049, 1708, 55, 2013, 'Desktop', 'INTEL', 'LGA1155'),
('Core i3-3220', 'INTEL Core i3-3220 @ 3.30GHz', '48.00', 4248, 1755, 55, 2012, 'Desktop', 'INTEL', 'LGA1155'),
('Core i3-3220T', 'INTEL Core i3-3220T @ 2.80GHz', '135.00', 3697, 1489, 35, 2012, 'Desktop', 'INTEL', 'LGA1155'),
('Core i3-3225', 'INTEL Core i3-3225 @ 3.30GHz', '324.99', 4347, 1769, 55, 2012, 'Desktop', 'INTEL', 'LGA1155'),
('Core i3-3240', 'INTEL Core i3-3240 @ 3.40GHz', '55.00', 4315, 1802, 55, 2012, 'Desktop', 'INTEL', 'LGA1155'),
('Core i3-3245', 'INTEL Core i3-3245 @ 3.40GHz', '135.99', 4473, 1831, 55, 2013, 'Desktop', 'INTEL', 'LGA1155'),
('Core i3-3250', 'INTEL Core i3-3250 @ 3.50GHz', '70.00', 4448, 1852, 55, 2013, 'Desktop', 'INTEL', 'LGA1155'),
('Core i3-4130', 'INTEL Core i3-4130 @ 3.40GHz', '84.00', 4806, 1958, 54, 2013, 'Desktop', 'INTEL', 'LGA1150'),
('Core i3-4130T', 'INTEL Core i3-4130T @ 2.90GHz', '248.56', 4156, 1669, 35, 2013, 'Desktop', 'INTEL', 'LGA1150'),
('Core i3-4150', 'INTEL Core i3-4150 @ 3.50GHz', '88.62', 4903, 2008, 54, 2014, 'Desktop', 'INTEL', 'LGA1150'),
('Core i3-4150T', 'INTEL Core i3-4150T @ 3.00GHz', '198.94', 4228, 1723, 35, 2014, 'Desktop', 'INTEL', 'LGA1150'),
('Core i3-4160', 'INTEL Core i3-4160 @ 3.60GHz', '89.99', 5053, 2071, 54, 2014, 'Desktop', 'INTEL', 'LGA1150'),
('Core i3-4160T', 'INTEL Core i3-4160T @ 3.10GHz', '149.99', 4467, 1799, 35, 2014, 'Desktop', 'INTEL', 'LGA1150'),
('Core i3-4170', 'INTEL Core i3-4170 @ 3.70GHz', '158.31', 5191, 2127, 54, 2015, 'Desktop', 'INTEL', 'LGA1150'),
('Core i3-4170T', 'INTEL Core i3-4170T @ 3.20GHz', '209.95', 4501, 1813, 35, 2015, 'Desktop', 'INTEL', 'LGA1150'),
('Core i3-4330', 'INTEL Core i3-4330 @ 3.50GHz', '399.95', 5089, 2027, 54, 2013, 'Desktop', 'INTEL', 'LGA1150'),
('Core i3-4340', 'INTEL Core i3-4340 @ 3.60GHz', '169.99', 5245, 2086, 54, 2013, 'Desktop', 'INTEL', 'LGA1150'),
('Core i3-4350', 'INTEL Core i3-4350 @ 3.60GHz', '169.99', 4990, 2096, 54, 2014, 'Desktop', 'INTEL', 'LGA1150'),
('Core i3-4360', 'INTEL Core i3-4360 @ 3.70GHz', '259.00', 5451, 2141, 54, 2014, 'Desktop', 'INTEL', 'LGA1150'),
('Core i3-4370', 'INTEL Core i3-4370 @ 3.80GHz', '309.00', 5618, 2220, 54, 2014, 'Desktop', 'INTEL', 'LGA1150'),
('Core i3-4370T', 'INTEL Core i3-4370T @ 3.30GHz', '138.00', 4924, 1947, 35, 2017, 'Desktop', 'INTEL', 'LGA1150'),
('Core i3-530', 'INTEL Core i3-530 @ 2.93GHz', '37.00', 2563, 1113, 73, 2010, 'Desktop', 'INTEL', 'LGA1156'),
('Core i3-540', 'INTEL Core i3-540 @ 3.07GHz', '72.41', 2682, 1222, 73, 2010, 'Desktop', 'INTEL', 'LGA1156'),
('Core i3-550', 'INTEL Core i3-550 @ 3.20GHz', '175.74', 2828, 1299, 73, 2010, 'Desktop', 'INTEL', 'LGA1156'),
('Core i3-560', 'INTEL Core i3-560 @ 3.33GHz', '179.95', 2935, 1352, 73, 2010, 'Desktop', 'INTEL', 'LGA1156'),
('Core i3-6098P', 'INTEL Core i3-6098P @ 3.60GHz', '133.74', 5389, 2077, 54, 2016, 'Desktop', 'INTEL', 'LGA1151'),
('Core i3-6100', 'INTEL Core i3-6100 @ 3.70GHz', '128.99', 5486, 2105, 51, 2015, 'Desktop', 'INTEL', 'LGA1151'),
('Core i3-6100T', 'INTEL Core i3-6100T @ 3.20GHz', '134.99', 4863, 1822, 35, 2015, 'Desktop', 'INTEL', 'LGA1151'),
('Core i3-6300', 'INTEL Core i3-6300 @ 3.80GHz', '309.99', 5844, 2164, 51, 2015, 'Desktop', 'INTEL', 'LGA1151'),
('Core i3-6300T', 'INTEL Core i3-6300T @ 3.30GHz', '154.99', 5258, 1903, 35, 2015, 'Desktop', 'INTEL', 'LGA1151'),
('Core i3-6320', 'INTEL Core i3-6320 @ 3.90GHz', '407.00', 6051, 2233, 51, 2015, 'Desktop', 'INTEL', 'LGA1151'),
('Core i3-7100', 'INTEL Core i3-7100 @ 3.90GHz', '140.83', 5772, 2226, 51, 2017, 'Desktop', 'INTEL', 'LGA1151'),
('Core i3-7100T', 'INTEL Core i3-7100T @ 3.40GHz', '147.47', 5055, 1916, 35, 2017, 'Desktop', 'INTEL', 'LGA1151'),
('Core i3-7101TE', 'INTEL Core i3-7101TE @ 3.40GHz', '117.00', 5160, 1969, 35, 2017, 'Desktop', 'INTEL', 'LGA1151'),
('Core i3-7300', 'INTEL Core i3-7300 @ 4.00GHz', '159.99', 6319, 2308, 51, 2017, 'Desktop', 'INTEL', 'LGA1151'),
('Core i3-7300T', 'INTEL Core i3-7300T @ 3.50GHz', '181.59', 5369, 1928, 35, 2017, 'Desktop', 'INTEL', 'LGA1151'),
('Core i3-7320', 'INTEL Core i3-7320 @ 4.10GHz', '182.72', 6406, 2345, 51, 2017, 'Desktop', 'INTEL', 'LGA1151'),
('Core i3-7350K', 'INTEL Core i3-7350K @ 4.20GHz', '169.99', 6593, 2428, 60, 2017, 'Desktop', 'INTEL', 'LGA1151'),
('Core i3-8100', 'INTEL Core i3-8100 @ 3.60GHz', '119.99', 8005, 2097, 65, 2017, 'Desktop', 'INTEL', 'LGA1151-2'),
('Core i3-8100T', 'INTEL Core i3-8100T @ 3.10GHz', '129.00', 7262, 1824, 35, 2018, 'Desktop', 'INTEL', 'LGA1151-2'),
('Core i3-8300', 'INTEL Core i3-8300 @ 3.70GHz', '146.91', 8668, 2166, 62, 2018, 'Desktop', 'INTEL', 'LGA1151-2'),
('Core i3-8300T', 'INTEL Core i3-8300T @ 3.20GHz', '170.49', 8032, 1888, 25, 2018, 'Desktop', 'INTEL', 'LGA1151-2'),
('Core i3-8350K', 'INTEL Core i3-8350K @ 4.00GHz', '198.75', 9241, 2337, 91, 2017, 'Desktop', 'INTEL', 'LGA1151-2'),
('Core i3-9100', 'INTEL Core i3-9100 @ 3.60GHz', '134.95', 8430, 2288, 65, 2019, 'Desktop', 'INTEL', 'LGA1151-2'),
('Core i3-9100F', 'INTEL Core i3-9100F @ 3.60GHz', '84.99', 8897, 2403, 65, 2019, 'Desktop', 'INTEL', 'LGA1151-2'),
('Core i3-9100T', 'INTEL Core i3-9100T @ 3.10GHz', '122.00', 7688, 2129, 35, 2019, 'Desktop', 'INTEL', 'LGA1151-2'),
('Core i3-9300', 'INTEL Core i3-9300 @ 3.70GHz', '152.00', 10018, 2529, 62, 2019, 'Desktop', 'INTEL', 'LGA1151-2'),
('Core i3-9300T', 'INTEL Core i3-9300T @ 3.20GHz', '143.00', 8777, 2234, 35, 2019, 'Desktop', 'INTEL', 'LGA1151-2'),
('Core i3-9320', 'INTEL Core i3-9320 @ 3.70GHz', '162.00', 10144, 2552, 62, 2019, 'Desktop', 'INTEL', 'LGA1151-2'),
('Core i3-9350KF', 'INTEL Core i3-9350KF @ 4.00GHz', '179.08', 10546, 2623, 91, 2019, 'Desktop', 'INTEL', 'LGA1151-2'),
('Core i5 750S', 'INTEL Core i5 750S @ 2.40GHz', '99.99', 2197, 987, 82, 2012, 'Desktop', 'INTEL', 'LGA1156'),
('Core i5-2300', 'INTEL Core i5-2300 @ 2.80GHz', '79.99', 5373, 1575, 95, 2011, 'Desktop', 'INTEL', 'LGA1155'),
('Core i5-2310', 'INTEL Core i5-2310 @ 2.90GHz', '141.29', 5541, 1625, 95, 2011, 'Desktop', 'INTEL', 'LGA1155'),
('Core i5-2320', 'INTEL Core i5-2320 @ 3.00GHz', '93.00', 5780, 1694, 95, 2011, 'Desktop', 'INTEL', 'LGA1155'),
('Core i5-2380P', 'INTEL Core i5-2380P @ 3.10GHz', '430.59', 5738, 1679, 95, 2012, 'Desktop', 'INTEL', 'LGA1155'),
('Core i5-2390T', 'INTEL Core i5-2390T @ 2.70GHz', '99.90', 4213, 1713, 35, 2011, 'Desktop', 'INTEL', 'LGA1155'),
('Core i5-2400', 'INTEL Core i5-2400 @ 3.10GHz', '54.99', 5977, 1747, 95, 2010, 'Desktop', 'INTEL', 'LGA1155'),
('Core i5-2400S', 'INTEL Core i5-2400S @ 2.50GHz', '182.00', 4996, 1609, 65, 2011, 'Desktop', 'INTEL', 'LGA1155'),
('Core i5-2405S', 'INTEL Core i5-2405S @ 2.50GHz', '208.00', 5082, 1613, 65, 2011, 'Desktop', 'INTEL', 'LGA1155'),
('Core i5-2450P', 'INTEL Core i5-2450P @ 3.20GHz', '89.99', 6149, 1778, 95, 2012, 'Desktop', 'INTEL', 'LGA1155'),
('Core i5-2500', 'INTEL Core i5-2500 @ 3.30GHz', '55.00', 6357, 1879, 95, 2010, 'Desktop', 'INTEL', 'LGA1155'),
('Core i5-2500K', 'INTEL Core i5-2500K @ 3.30GHz', '434.26', 6492, 1899, 95, 2010, 'Desktop', 'INTEL', 'LGA1155'),
('Core i5-2500S', 'INTEL Core i5-2500S @ 2.70GHz', '65.24', 5405, 1817, 65, 2011, 'Desktop', 'INTEL', 'LGA1155'),
('Core i5-2500T', 'INTEL Core i5-2500T @ 2.30GHz', '89.99', 4647, 1568, 45, 2011, 'Desktop', 'INTEL', 'LGA1155'),
('Core i5-2550K', 'INTEL Core i5-2550K @ 3.40GHz', '190.00', 6680, 1937, 95, 2012, 'Desktop', 'INTEL', 'LGA1155'),
('Core i5-3330', 'INTEL Core i5-3330 @ 3.00GHz', '199.88', 5954, 1700, 77, 2012, 'Desktop', 'INTEL', 'LGA1155'),
('Core i5-3330S', 'INTEL Core i5-3330S @ 2.70GHz', '100.00', 5684, 1652, 65, 2012, 'Desktop', 'INTEL', 'LGA1155'),
('Core i5-3340', 'INTEL Core i5-3340 @ 3.10GHz', '293.01', 6114, 1752, 77, 2013, 'Desktop', 'INTEL', 'LGA1155'),
('Core i5-3340S', 'INTEL Core i5-3340S @ 2.80GHz', '149.99', 5862, 1713, 65, 2013, 'Desktop', 'INTEL', 'LGA1155'),
('Core i5-3350P', 'INTEL Core i5-3350P @ 3.10GHz', '149.99', 6158, 1749, 69, 2012, 'Desktop', 'INTEL', 'LGA1155'),
('Core i5-3450', 'INTEL Core i5-3450 @ 3.10GHz', '216.34', 6540, 1856, 77, 2012, 'Desktop', 'INTEL', 'LGA1155'),
('Core i5-3450S', 'INTEL Core i5-3450S @ 2.80GHz', '147.99', 6240, 1815, 65, 2012, 'Desktop', 'INTEL', 'LGA1155'),
('Core i5-3470', 'INTEL Core i5-3470 @ 3.20GHz', '66.99', 6735, 1916, 77, 2012, 'Desktop', 'INTEL', 'LGA1155'),
('Core i5-3470S', 'INTEL Core i5-3470S @ 2.90GHz', '230.00', 6404, 1860, 65, 2012, 'Desktop', 'INTEL', 'LGA1155'),
('Core i5-3470T', 'INTEL Core i5-3470T @ 2.90GHz', '308.95', 4500, 1832, 35, 2012, 'Desktop', 'INTEL', 'LGA1155'),
('Core i5-3475S', 'INTEL Core i5-3475S @ 2.90GHz', '143.50', 6609, 1892, 65, 2012, 'Desktop', 'INTEL', 'LGA1155'),
('Core i5-3550', 'INTEL Core i5-3550 @ 3.30GHz', '309.99', 6971, 1970, 77, 2012, 'Desktop', 'INTEL', 'LGA1155'),
('Core i5-3550S', 'INTEL Core i5-3550S @ 3.00GHz', '302.45', 6925, 1980, 65, 2012, 'Desktop', 'INTEL', 'LGA1155'),
('Core i5-3570', 'INTEL Core i5-3570 @ 3.40GHz', '72.99', 7145, 2022, 77, 2012, 'Desktop', 'INTEL', 'LGA1155'),
('Core i5-3570K', 'INTEL Core i5-3570K @ 3.40GHz', '324.87', 7191, 2029, 77, 2012, 'Desktop', 'INTEL', 'LGA1155'),
('Core i5-3570S', 'INTEL Core i5-3570S @ 3.10GHz', '60.99', 6752, 1968, 65, 2012, 'Desktop', 'INTEL', 'LGA1155'),
('Core i5-4430', 'INTEL Core i5-4430 @ 3.00GHz', '159.99', 6346, 1825, 84, 2013, 'Desktop', 'INTEL', 'LGA1150'),
('Core i5-4430S', 'INTEL Core i5-4430S @ 2.70GHz', '159.99', 5984, 1778, 65, 2013, 'Desktop', 'INTEL', 'LGA1150'),
('Core i5-4440', 'INTEL Core i5-4440 @ 3.10GHz', '497.00', 6521, 1879, 84, 2013, 'Desktop', 'INTEL', 'LGA1150'),
('Core i5-4440S', 'INTEL Core i5-4440S @ 2.80GHz', '462.97', 6275, 1863, 65, 2013, 'Desktop', 'INTEL', 'LGA1150'),
('Core i5-4460', 'INTEL Core i5-4460 @ 3.20GHz', '89.99', 6731, 1942, 84, 2014, 'Desktop', 'INTEL', 'LGA1150'),
('Core i5-4460S', 'INTEL Core i5-4460S @ 2.90GHz', '659.99', 6441, 1915, 65, 2014, 'Desktop', 'INTEL', 'LGA1150'),
('Core i5-4570', 'INTEL Core i5-4570 @ 3.20GHz', '88.99', 7162, 2057, 84, 2013, 'Desktop', 'INTEL', 'LGA1150'),
('Core i5-4570S', 'INTEL Core i5-4570S @ 2.90GHz', '409.95', 6851, 2007, 65, 2013, 'Desktop', 'INTEL', 'LGA1150'),
('Core i5-4570T', 'INTEL Core i5-4570T @ 2.90GHz', '149.99', 4828, 1988, 35, 2013, 'Desktop', 'INTEL', 'LGA1150'),
('Core i5-4570TE', 'INTEL Core i5-4570TE @ 2.70GHz', '199.99', 3827, 1446, 35, 2014, 'Desktop', 'INTEL', 'LGA1150'),
('Core i5-4590', 'INTEL Core i5-4590 @ 3.30GHz', '114.00', 7359, 2117, 84, 2014, 'Desktop', 'INTEL', 'LGA1150'),
('Core i5-4590S', 'INTEL Core i5-4590S @ 3.00GHz', '119.99', 7100, 2101, 65, 2014, 'Desktop', 'INTEL', 'LGA1150'),
('Core i5-4590T', 'INTEL Core i5-4590T @ 2.00GHz', '209.95', 5637, 1688, 35, 2014, 'Desktop', 'INTEL', 'LGA1150'),
('Core i5-4670', 'INTEL Core i5-4670 @ 3.40GHz', '109.00', 7485, 2159, 84, 2013, 'Desktop', 'INTEL', 'LGA1150'),
('Core i5-4670K', 'INTEL Core i5-4670K @ 3.40GHz', '409.95', 7638, 2187, 84, 2013, 'Desktop', 'INTEL', 'LGA1150'),
('Core i5-4670S', 'INTEL Core i5-4670S @ 3.10GHz', '213.00', 7404, 2143, 65, 2013, 'Desktop', 'INTEL', 'LGA1150'),
('Core i5-4670T', 'INTEL Core i5-4670T @ 2.30GHz', '259.02', 6175, 1833, 45, 2013, 'Desktop', 'INTEL', 'LGA1150'),
('Core i5-4690', 'INTEL Core i5-4690 @ 3.50GHz', '124.02', 7698, 2218, 84, 2014, 'Desktop', 'INTEL', 'LGA1150'),
('Core i5-4690K', 'INTEL Core i5-4690K @ 3.50GHz', '159.00', 7799, 2234, 88, 2014, 'Desktop', 'INTEL', 'LGA1150'),
('Core i5-4690S', 'INTEL Core i5-4690S @ 3.20GHz', '359.21', 7470, 2200, 65, 2014, 'Desktop', 'INTEL', 'LGA1150'),
('Core i5-5675C', 'INTEL Core i5-5675C @ 3.10GHz', '309.95', 8123, 2139, 65, 2015, 'Desktop', 'INTEL', 'LGA1150'),
('Core i5-6400', 'INTEL Core i5-6400 @ 2.70GHz', '228.83', 6758, 1824, 65, 2015, 'Desktop', 'INTEL', 'LGA1151'),
('Core i5-6400T', 'INTEL Core i5-6400T @ 2.20GHz', '259.95', 5632, 1523, 35, 2015, 'Desktop', 'INTEL', 'LGA1151'),
('Core i5-6402P', 'INTEL Core i5-6402P @ 2.80GHz', '189.99', 7097, 1897, 65, 2016, 'Desktop', 'INTEL', 'LGA1151'),
('Core i5-650', 'INTEL Core i5-650 @ 3.20GHz', '139.00', 3091, 1324, 73, 2010, 'Desktop', 'INTEL', 'LGA1156'),
('Core i5-6500', 'INTEL Core i5-6500 @ 3.20GHz', '172.99', 7252, 1948, 65, 2015, 'Desktop', 'INTEL', 'LGA1151'),
('Core i5-6500T', 'INTEL Core i5-6500T @ 2.50GHz', '269.95', 6325, 1718, 35, 2015, 'Desktop', 'INTEL', 'LGA1151'),
('Core i5-6500TE', 'INTEL Core i5-6500TE @ 2.30GHz', '209.99', 6606, 1750, 35, 2015, 'Desktop', 'INTEL', 'LGA1151'),
('Core i5-655K', 'INTEL Core i5-655K @ 3.20GHz', '59.99', 3353, 1435, 73, 2010, 'Desktop', 'INTEL', 'LGA1156'),
('Core i5-660', 'INTEL Core i5-660 @ 3.33GHz', '35.50', 3243, 1393, 73, 2009, 'Desktop', 'INTEL', 'LGA1156'),
('Core i5-6600', 'INTEL Core i5-6600 @ 3.30GHz', '262.13', 7785, 2096, 65, 2015, 'Desktop', 'INTEL', 'LGA1151'),
('Core i5-6600K', 'INTEL Core i5-6600K @ 3.50GHz', '219.99', 8060, 2146, 91, 2015, 'Desktop', 'INTEL', 'LGA1151'),
('Core i5-6600T', 'INTEL Core i5-6600T @ 2.70GHz', '299.95', 7309, 1935, 35, 2015, 'Desktop', 'INTEL', 'LGA1151'),
('Core i5-661', 'INTEL Core i5-661 @ 3.33GHz', '229.99', 3194, 1342, 87, 2010, 'Desktop', 'INTEL', 'LGA1156'),
('Core i5-670', 'INTEL Core i5-670 @ 3.47GHz', '279.00', 3310, 1407, 73, 2010, 'Desktop', 'INTEL', 'LGA1156'),
('Core i5-680', 'INTEL Core i5-680 @ 3.60GHz', '89.99', 3513, 1551, 73, 2010, 'Desktop', 'INTEL', 'LGA1156'),
('Core i5-7400', 'INTEL Core i5-7400 @ 3.00GHz', '205.85', 7241, 1945, 65, 2017, 'Desktop', 'INTEL', 'LGA1151'),
('Core i5-7400T', 'INTEL Core i5-7400T @ 2.40GHz', '274.63', 6352, 1697, 35, 2016, 'Desktop', 'INTEL', 'LGA1151'),
('Core i5-750', 'INTEL Core i5-750 @ 2.67GHz', '44.43', 3718, 1146, 95, 2009, 'Desktop', 'INTEL', 'LGA1156'),
('Core i5-7500', 'INTEL Core i5-7500 @ 3.40GHz', '199.00', 7938, 2115, 65, 2016, 'Desktop', 'INTEL', 'LGA1151'),
('Core i5-7500T', 'INTEL Core i5-7500T @ 2.70GHz', '269.99', 6957, 1855, 35, 2017, 'Desktop', 'INTEL', 'LGA1151'),
('Core i5-760', 'INTEL Core i5-760 @ 2.80GHz', '154.03', 3932, 1208, 95, 2010, 'Desktop', 'INTEL', 'LGA1156'),
('Core i5-7600', 'INTEL Core i5-7600 @ 3.50GHz', '375.89', 8619, 2278, 65, 2017, 'Desktop', 'INTEL', 'LGA1151'),
('Core i5-7600K', 'INTEL Core i5-7600K @ 3.80GHz', '312.85', 9049, 2381, 91, 2017, 'Desktop', 'INTEL', 'LGA1151'),
('Core i5-7600T', 'INTEL Core i5-7600T @ 2.80GHz', '280.55', 7952, 2102, 35, 2017, 'Desktop', 'INTEL', 'LGA1151'),
('Core i5-7640X', 'INTEL Core i5-7640X @ 4.00GHz', '280.00', 9440, 2449, 112, 2017, 'Desktop', 'INTEL', 'LGA2066'),
('Core i5-8400', 'INTEL Core i5-8400 @ 2.80GHz', '199.99', 11559, 2330, 65, 2017, 'Desktop', 'INTEL', 'LGA1151-2'),
('Core i5-8400T', 'INTEL Core i5-8400T @ 1.70GHz', '189.00', 9432, 1920, 35, 2018, 'Desktop', 'INTEL', 'LGA1151-2'),
('Core i5-8500', 'INTEL Core i5-8500 @ 3.00GHz', '314.77', 11830, 2404, 65, 2018, 'Desktop', 'INTEL', 'LGA1151-2'),
('Core i5-8500T', 'INTEL Core i5-8500T @ 2.10GHz', '234.36', 9976, 2037, 35, 2018, 'Desktop', 'INTEL', 'LGA1151-2'),
('Core i5-8600', 'INTEL Core i5-8600 @ 3.10GHz', '690.12', 12473, 2504, 65, 2018, 'Desktop', 'INTEL', 'LGA1151-2'),
('Core i5-8600K', 'INTEL Core i5-8600K @ 3.60GHz', '275.99', 12681, 2511, 95, 2017, 'Desktop', 'INTEL', 'LGA1151-2'),
('Core i5-8600T', 'INTEL Core i5-8600T @ 2.30GHz', '366.99', 11135, 2202, 35, 2018, 'Desktop', 'INTEL', 'LGA1151-2'),
('Core i5-9400', 'INTEL Core i5-9400 @ 2.90GHz', '206.99', 11823, 2397, 65, 2019, 'Desktop', 'INTEL', 'LGA1151-2'),
('Core i5-9400F', 'INTEL Core i5-9400F @ 2.90GHz', '149.99', 12036, 2392, 65, 2019, 'Desktop, Laptop', 'INTEL', 'LGA1151-2'),
('Core i5-9400T', 'INTEL Core i5-9400T @ 1.80GHz', '182.00', 9646, 1976, 35, 2019, 'Desktop', 'INTEL', 'LGA1151-2'),
('Core i5-9500', 'INTEL Core i5-9500 @ 3.00GHz', '308.00', 11840, 2547, 65, 2019, 'Desktop', 'INTEL', 'LGA1151-2'),
('Core i5-9500F', 'INTEL Core i5-9500F @ 3.00GHz', '202.00', 13104, 2618, 65, 2019, 'Desktop', 'INTEL', 'LGA1151-2'),
('Core i5-9500T', 'INTEL Core i5-9500T @ 2.20GHz', '192.00', 10556, 2140, 35, 2019, 'Desktop', 'INTEL', 'LGA1151-2'),
('Core i5-9600', 'INTEL Core i5-9600 @ 3.10GHz', '224.00', 13432, 2703, 65, 2019, 'Desktop', 'INTEL', 'LGA1151-2'),
('Core i5-9600K', 'INTEL Core i5-9600K @ 3.70GHz', '257.99', 13533, 2678, 95, 2018, 'Desktop', 'INTEL', 'LGA1151-2'),
('Core i5-9600KF', 'INTEL Core i5-9600KF @ 3.70GHz', '209.99', 13406, 2657, 95, 2019, 'Desktop', 'INTEL', 'LGA1151-2'),
('Core i5-9600T', 'INTEL Core i5-9600T @ 2.30GHz', '213.00', 11706, 2355, 35, 2019, 'Desktop', 'INTEL', 'LGA1151-2'),
('Core i7-2600', 'INTEL Core i7-2600 @ 3.40GHz', '114.00', 8178, 1922, 95, 2010, 'Desktop', 'INTEL', 'LGA1155'),
('Core i7-2600K', 'INTEL Core i7-2600K @ 3.40GHz', '458.00', 8428, 1941, 95, 2010, 'Desktop', 'INTEL', 'LGA1155'),
('Core i7-2600S', 'INTEL Core i7-2600S @ 2.80GHz', '105.12', 7087, 1808, 65, 2011, 'Desktop', 'INTEL', 'LGA1155'),
('Core i7-2700K', 'INTEL Core i7-2700K @ 3.50GHz', '300.00', 8682, 2004, 95, 2011, 'Desktop', 'INTEL', 'LGA1155'),
('Core i7-3770', 'INTEL Core i7-3770 @ 3.40GHz', '110.00', 9277, 2068, 77, 2012, 'Desktop', 'INTEL', 'LGA1155'),
('Core i7-3770K', 'INTEL Core i7-3770K @ 3.50GHz', '209.99', 9512, 2083, 77, 2012, 'Desktop', 'INTEL', 'LGA1155'),
('Core i7-3770S', 'INTEL Core i7-3770S @ 3.10GHz', '135.13', 8897, 2025, 65, 2012, 'Desktop', 'INTEL', 'LGA1155'),
('Core i7-3770T', 'INTEL Core i7-3770T @ 2.50GHz', '329.99', 8207, 1933, 45, 2012, 'Desktop', 'INTEL', 'LGA1155'),
('Core i7-3820', 'INTEL Core i7-3820 @ 3.60GHz', '365.99', 8987, 1941, 130, 2012, 'Desktop', 'INTEL', 'LGA2011'),
('Core i7-3930K', 'INTEL Core i7-3930K @ 3.20GHz', '189.99', 11972, 1934, 130, 2011, 'Desktop', 'INTEL', 'LGA2011'),
('Core i7-3960X', 'INTEL Core i7-3960X @ 3.30GHz', '809.99', 12559, 1984, 130, 2011, 'Desktop', 'INTEL', 'LGA2011'),
('Core i7-3970X', 'INTEL Core i7-3970X @ 3.50GHz', '399.99', 12691, 2017, 150, 2012, 'Desktop', 'INTEL', 'LGA2011'),
('Core i7-4765T', 'INTEL Core i7-4765T @ 2.00GHz', '399.99', 7297, 1690, 35, 2013, 'Desktop', 'INTEL', 'LGA1150'),
('Core i7-4770', 'INTEL Core i7-4770 @ 3.40GHz', '183.36', 9780, 2227, 84, 2013, 'Desktop', 'INTEL', 'LGA1150'),
('Core i7-4770K', 'INTEL Core i7-4770K @ 3.50GHz', '340.58', 10071, 2249, 84, 2013, 'Desktop', 'INTEL', 'LGA1150'),
('Core i7-4770S', 'INTEL Core i7-4770S @ 3.10GHz', '177.99', 9359, 2174, 65, 2013, 'Desktop', 'INTEL', 'LGA1150'),
('Core i7-4770T', 'INTEL Core i7-4770T @ 2.50GHz', '399.99', 8580, 2074, 45, 2013, 'Desktop', 'INTEL', 'LGA1150'),
('Core i7-4771', 'INTEL Core i7-4771 @ 3.50GHz', '175.00', 9841, 2213, 84, 2013, 'Desktop', 'INTEL', 'LGA1150'),
('Core i7-4790', 'INTEL Core i7-4790 @ 3.60GHz', '169.99', 9991, 2282, 84, 2014, 'Desktop', 'INTEL', 'LGA1150'),
('Core i7-4790K', 'INTEL Core i7-4790K @ 4.00GHz', '290.00', 11164, 2528, 88, 2014, 'Desktop', 'INTEL', 'LGA1150'),
('Core i7-4790S', 'INTEL Core i7-4790S @ 3.20GHz', '551.00', 9559, 2243, 65, 2014, 'Desktop', 'INTEL', 'LGA1150'),
('Core i7-4790T', 'INTEL Core i7-4790T @ 2.70GHz', '359.99', 9075, 2167, 45, 2014, 'Desktop', 'INTEL', 'LGA1150'),
('Core i7-4820K', 'INTEL Core i7-4820K @ 3.70GHz', '219.99', 9719, 2016, 130, 2013, 'Desktop', 'INTEL', 'LGA2011'),
('Core i7-4930K', 'INTEL Core i7-4930K @ 3.40GHz', '799.97', 13026, 1998, 130, 2013, 'Desktop', 'INTEL', 'LGA2011'),
('Core i7-4960X', 'INTEL Core i7-4960X @ 3.60GHz', '769.99', 13801, 2082, 130, 2013, 'Desktop', 'INTEL', 'LGA2011'),
('Core i7-5775C', 'INTEL Core i7-5775C @ 3.30GHz', '686.32', 10842, 2203, 65, 2015, 'Desktop', 'INTEL', 'LGA1150'),
('Core i7-5820K', 'INTEL Core i7-5820K @ 3.30GHz', '235.00', 13005, 2025, 140, 2014, 'Desktop', 'INTEL', 'LGA2011-3'),
('Core i7-5930K', 'INTEL Core i7-5930K @ 3.50GHz', '309.00', 13657, 2103, 140, 2014, 'Desktop', 'INTEL', 'LGA2011-3'),
('Core i7-5960X', 'INTEL Core i7-5960X @ 3.00GHz', '851.31', 15983, 1999, 140, 2014, 'Desktop', 'INTEL', 'LGA2011-3'),
('Core i7-6700', 'INTEL Core i7-6700 @ 3.40GHz', '279.99', 10005, 2155, 65, 2015, 'Desktop', 'INTEL', 'LGA1151'),
('Core i7-6700K', 'INTEL Core i7-6700K @ 4.00GHz', '312.39', 11108, 2354, 95, 2015, 'Desktop', 'INTEL', 'LGA1151'),
('Core i7-6700T', 'INTEL Core i7-6700T @ 2.80GHz', '375.99', 9005, 1971, 35, 2015, 'Desktop', 'INTEL', 'LGA1151'),
('Core i7-6800K', 'INTEL Core i7-6800K @ 3.40GHz', '309.00', 13564, 2067, 140, 2016, 'Desktop', 'INTEL', 'LGA2011-3'),
('Core i7-6850K', 'INTEL Core i7-6850K @ 3.60GHz', '400.90', 14358, 2191, 140, 2016, 'Desktop', 'INTEL', 'LGA2011-3'),
('Core i7-6900K', 'INTEL Core i7-6900K @ 3.20GHz', '725.00', 17580, 2187, 140, 2016, 'Desktop', 'INTEL', 'LGA2011-3'),
('Core i7-6950X', 'INTEL Core i7-6950X @ 3.00GHz', '1685.00', 19920, 2146, 140, 2016, 'Desktop', 'INTEL', 'LGA2011-3'),
('Core i7-7700', 'INTEL Core i7-7700 @ 3.60GHz', '328.90', 10687, 2342, 65, 2016, 'Desktop', 'INTEL', 'LGA1151'),
('Core i7-7700K', 'INTEL Core i7-7700K @ 4.20GHz', '599.95', 11987, 2580, 95, 2016, 'Desktop', 'INTEL', 'LGA1151'),
('Core i7-7700T', 'INTEL Core i7-7700T @ 2.90GHz', '385.00', 9330, 2050, 35, 2017, 'Desktop', 'INTEL', 'LGA1151'),
('Core i7-7740X', 'INTEL Core i7-7740X @ 4.30GHz', '509.00', 12193, 2622, 112, 2017, 'Desktop', 'INTEL', 'LGA2066'),
('Core i7-7800X', 'INTEL Core i7-7800X @ 3.50GHz', '509.99', 14649, 2263, 140, 2017, 'Desktop', 'INTEL', 'LGA2066'),
('Core i7-7820X', 'INTEL Core i7-7820X @ 3.60GHz', '1179.95', 18508, 2395, 140, 2017, 'Desktop', 'INTEL', 'LGA2066'),
('Core i7-8086K', 'INTEL Core i7-8086K @ 4.00GHz', '552.96', 16680, 2822, 95, 2018, 'Desktop', 'INTEL', 'LGA1151-2'),
('Core i7-860', 'INTEL Core i7-860 @ 2.80GHz', '289.95', 5018, 1236, 95, 2009, 'Desktop', 'INTEL', 'LGA1156'),
('Core i7-860S', 'INTEL Core i7-860S @ 2.53GHz', '199.99', 4919, 1319, 82, 2011, 'Desktop', 'INTEL', 'LGA1156'),
('Core i7-870', 'INTEL Core i7-870 @ 2.93GHz', '89.00', 5334, 1304, 95, 2009, 'Desktop', 'INTEL', 'LGA1156'),
('Core i7-8700', 'INTEL Core i7-8700 @ 3.20GHz', '398.00', 15137, 2624, 65, 2017, 'Desktop', 'INTEL', 'LGA1151-2'),
('Core i7-8700K', 'INTEL Core i7-8700K @ 3.70GHz', '432.29', 15936, 2696, 95, 2017, 'Desktop', 'INTEL', 'LGA1151-2'),
('Core i7-8700T', 'INTEL Core i7-8700T @ 2.40GHz', '609.00', 12647, 2343, 35, 2018, 'Desktop', 'INTEL', 'LGA1151-2'),
('Core i7-875K', 'INTEL Core i7-875K @ 2.93GHz', '359.99', 5413, 1307, 95, 2010, 'Desktop', 'INTEL', 'LGA1156'),
('Core i7-880', 'INTEL Core i7-880 @ 3.07GHz', '583.00', 5510, 1367, 95, 2010, 'Desktop', 'INTEL', 'LGA1156'),
('Core i7-920', 'INTEL Core i7-920 @ 2.67GHz', '41.00', 4908, 1166, 130, 2008, 'Desktop', 'INTEL', 'LGA1366'),
('Core i7-930', 'INTEL Core i7-930 @ 2.80GHz', '109.99', 5125, 1219, 130, 2010, 'Desktop', 'INTEL', 'LGA1366'),
('Core i7-940', 'INTEL Core i7-940 @ 2.93GHz', '103.99', 5325, 1274, 130, 2008, 'Desktop', 'INTEL', 'LGA1366'),
('Core i7-950', 'INTEL Core i7-950 @ 3.07GHz', '59.00', 5532, 1327, 130, 2009, 'Desktop', 'INTEL', 'LGA1366'),
('Core i7-960', 'INTEL Core i7-960 @ 3.20GHz', '280.00', 5790, 1389, 130, 2009, 'Desktop', 'INTEL', 'LGA1366'),
('Core i7-965', 'INTEL Core i7-965 @ 3.20GHz', '139.99', 5850, 1388, 130, 2008, 'Desktop', 'INTEL', 'LGA1366'),
('Core i7-970', 'INTEL Core i7-970 @ 3.20GHz', '499.95', 8349, 1398, 130, 2010, 'Desktop', 'INTEL', 'LGA1366'),
('Core i7-9700', 'INTEL Core i7-9700 @ 3.00GHz', '421.97', 15933, 2690, 65, 2019, 'Desktop', 'INTEL', 'LGA1151-2'),
('Core i7-9700F', 'INTEL Core i7-9700F @ 3.00GHz', '319.99', 16448, 2707, 65, 2019, 'Desktop', 'INTEL', 'LGA1151-2'),
('Core i7-9700K', 'INTEL Core i7-9700K @ 3.60GHz', '408.99', 17211, 2812, 95, 2018, 'Desktop', 'INTEL', 'LGA1151-2'),
('Core i7-9700KF', 'INTEL Core i7-9700KF @ 3.60GHz', '359.99', 16941, 2794, 95, 2019, 'Desktop', 'INTEL', 'LGA1151-2'),
('Core i7-9700T', 'INTEL Core i7-9700T @ 2.00GHz', '323.00', 13453, 2468, 35, 2019, 'Desktop', 'INTEL', 'LGA1151-2'),
('Core i7-9700TE', 'INTEL Core i7-9700TE @ 1.80GHz', '323.00', 12688, 2294, 35, 2019, 'Desktop, Laptop', 'INTEL', 'LGA1151-2'),
('Core i7-975', 'INTEL Core i7-975 @ 3.33GHz', '499.99', 6096, 1460, 130, 2009, 'Desktop', 'INTEL', 'LGA1366'),
('Core i7-980', 'INTEL Core i7-980 @ 3.33GHz', '199.98', 8522, 1443, 130, 2011, 'Desktop', 'INTEL', 'LGA1366'),
('Core i7-9800X', 'INTEL Core i7-9800X @ 3.80GHz', '809.95', 19777, 2527, 165, 2018, 'Desktop', 'INTEL', 'LGA2066'),
('Core i7-980X', 'INTEL Core i7-980X @ 3.33GHz', '1109.95', 8739, 1455, 130, 2010, 'Desktop', 'INTEL', 'LGA1366'),
('Core i7-990X', 'INTEL Core i7-990X @ 3.47GHz', '349.99', 9040, 1515, 130, 2011, 'Desktop', 'INTEL', 'LGA1366'),
('Core i9-10900X', 'INTEL Core i9-10900X @ 3.70GHz', '959.99', 23824, 2601, 165, 2019, 'Desktop', 'INTEL', 'LGA2066'),
('Core i9-10920X', 'INTEL Core i9-10920X @ 3.50GHz', '909.99', 26793, 2647, 165, 2019, 'Desktop', 'INTEL', 'LGA2066'),
('Core i9-10940X', 'INTEL Core i9-10940X @ 3.30GHz', '890.99', 29150, 2525, 165, 2019, 'Desktop', 'INTEL', 'LGA2066'),
('Core i9-10980XE', 'INTEL Core i9-10980XE @ 3.00GHz', '979.00', 30908, 2547, 165, 2019, 'Desktop', 'INTEL', 'LGA2066'),
('Core i9-7900X', 'INTEL Core i9-7900X @ 3.30GHz', '1121.25', 21870, 2447, 140, 2017, 'Desktop', 'INTEL', 'LGA2066'),
('Core i9-7920X', 'INTEL Core i9-7920X @ 2.90GHz', '932.79', 23340, 2392, 140, 2017, 'Desktop', 'INTEL', 'LGA2066'),
('Core i9-7940X', 'INTEL Core i9-7940X @ 3.10GHz', '909.99', 25400, 2395, 165, 2017, 'Desktop', 'INTEL', 'LGA2066'),
('Core i9-7960X', 'INTEL Core i9-7960X @ 2.80GHz', '1349.99', 26034, 2334, 165, 2017, 'Desktop', 'INTEL', 'LGA2066'),
('Core i9-7980XE', 'INTEL Core i9-7980XE @ 2.60GHz', '1569.00', 27669, 2340, 165, 2017, 'Desktop', 'INTEL', 'LGA2066'),
('Core i9-9820X', 'INTEL Core i9-9820X @ 3.30GHz', '588.00', 21070, 2353, 165, 2018, 'Desktop', 'INTEL', 'LGA2066'),
('Core i9-9900', 'INTEL Core i9-9900 @ 3.10GHz', '538.38', 18621, 2795, 65, 2019, 'Desktop', 'INTEL', 'LGA1151-2'),
('Core i9-9900K', 'INTEL Core i9-9900K @ 3.60GHz', '539.99', 20201, 2888, 95, 2018, 'Desktop', 'INTEL', 'LGA1151-2'),
('Core i9-9900KF', 'INTEL Core i9-9900KF @ 3.60GHz', '499.99', 20229, 2889, 95, 2019, 'Desktop', 'INTEL', 'LGA1151-2'),
('Core i9-9900KS', 'INTEL Core i9-9900KS @ 4.00GHz', '649.99', 21466, 2992, 127, 2019, 'Desktop', 'INTEL', 'LGA1151-2'),
('Core i9-9900T', 'INTEL Core i9-9900T @ 2.10GHz', '439.00', 15316, 2464, 35, 2019, 'Desktop', 'INTEL', 'LGA1151-2'),
('Core i9-9900X', 'INTEL Core i9-9900X @ 3.50GHz', '1103.77', 22770, 2476, 165, 2018, 'Desktop', 'INTEL', 'LGA2066'),
('Core i9-9920X', 'INTEL Core i9-9920X @ 3.50GHz', '1109.99', 25231, 2497, 165, 2018, 'Desktop', 'INTEL', 'LGA2066'),
('Core i9-9940X', 'INTEL Core i9-9940X @ 3.30GHz', '1109.89', 26764, 2449, 165, 2018, 'Desktop', 'INTEL', 'LGA2066'),
('Core i9-9960X', 'INTEL Core i9-9960X @ 3.10GHz', '1609.83', 28336, 2484, 165, 2019, 'Desktop', 'INTEL', 'LGA2066'),
('Core i9-9980XE', 'INTEL Core i9-9980XE @ 3.00GHz', '2409.00', 29689, 2463, 165, 2018, 'Desktop', 'INTEL', 'LGA2066'),
('Core2 Duo E4300', 'INTEL Core2 Duo E4300 @ 1.80GHz', '159.95', 1052, 670, 65, 2009, 'Desktop', 'INTEL', 'LGA775'),
('Core2 Duo E4400', 'INTEL Core2 Duo E4400 @ 2.00GHz', '49.99', 1159, 738, 65, 2008, 'Desktop', 'INTEL', 'LGA775'),
('Core2 Duo E4500', 'INTEL Core2 Duo E4500 @ 2.20GHz', '71.25', 1272, 816, 65, 2008, 'Desktop', 'INTEL', 'LGA775'),
('Core2 Duo E4600', 'INTEL Core2 Duo E4600 @ 2.40GHz', '157.95', 1384, 889, 65, 2008, 'Desktop', 'INTEL', 'LGA775'),
('Core2 Duo E4700', 'INTEL Core2 Duo E4700 @ 2.60GHz', '26.99', 1481, 975, 65, 2008, 'Desktop', 'INTEL', 'LGA775'),
('Core2 Duo E6300', 'INTEL Core2 Duo E6300 @ 1.86GHz', '12.99', 1108, 695, 65, 2008, 'Desktop', 'INTEL', 'LGA775'),
('Core2 Duo E6320', 'INTEL Core2 Duo E6320 @ 1.86GHz', '49.99', 1185, 701, 65, 2008, 'Desktop', 'INTEL', 'LGA775'),
('Core2 Duo E6400', 'INTEL Core2 Duo E6400 @ 2.13GHz', '29.95', 1288, 803, 65, 2009, 'Desktop', 'INTEL', 'LGA775'),
('Core2 Duo E6420', 'INTEL Core2 Duo E6420 @ 2.13GHz', '49.99', 1360, 807, 65, 2008, 'Desktop', 'INTEL', 'LGA775'),
('Core2 Duo E6550', 'INTEL Core2 Duo E6550 @ 2.33GHz', '14.95', 1497, 883, 65, 2008, 'Desktop', 'INTEL', 'LGA775'),
('Core2 Duo E6600', 'INTEL Core2 Duo E6600 @ 2.40GHz', '14.99', 1554, 907, 65, 2008, 'Desktop', 'INTEL', 'LGA775'),
('Core2 Duo E6700', 'INTEL Core2 Duo E6700 @ 2.66GHz', '29.99', 1693, 996, 65, 2010, 'Desktop', 'INTEL', 'LGA775'),
('Core2 Duo E6750', 'INTEL Core2 Duo E6750 @ 2.66GHz', '10.30', 1712, 1005, 65, 2008, 'Desktop', 'INTEL', 'LGA775'),
('Core2 Duo E6850', 'INTEL Core2 Duo E6850 @ 3.00GHz', '49.99', 1938, 1135, 65, 2008, 'Desktop', 'INTEL', 'LGA775'),
('Core2 Duo E7200', 'INTEL Core2 Duo E7200 @ 2.53GHz', '49.00', 1625, 1047, 65, 2008, 'Desktop', 'INTEL', 'LGA775'),
('Core2 Duo E7300', 'INTEL Core2 Duo E7300 @ 2.66GHz', '39.88', 1726, 1109, 65, 2008, 'Desktop', 'INTEL', 'LGA775'),
('Core2 Duo E7400', 'INTEL Core2 Duo E7400 @ 2.80GHz', '28.99', 1770, 1142, 65, 2008, 'Desktop', 'INTEL', 'LGA775'),
('Core2 Duo E7500', 'INTEL Core2 Duo E7500 @ 2.93GHz', '14.99', 1873, 1201, 65, 2009, 'Desktop', 'INTEL', 'LGA775'),
('Core2 Duo E7600', 'INTEL Core2 Duo E7600 @ 3.06GHz', '119.95', 1957, 1236, 65, 2009, 'Desktop', 'INTEL', 'LGA775'),
('Core2 Duo E8200', 'INTEL Core2 Duo E8200 @ 2.66GHz', '49.99', 1882, 1110, 65, 2008, 'Desktop', 'INTEL', 'LGA775'),
('Core2 Duo E8300', 'INTEL Core2 Duo E8300 @ 2.83GHz', '19.99', 1987, 1175, 65, 2008, 'Desktop', 'INTEL', 'LGA775'),
('Core2 Duo E8400', 'INTEL Core2 Duo E8400 @ 3.00GHz', '45.50', 2147, 1247, 65, 2008, 'Desktop', 'INTEL', 'LGA775'),
('Core2 Duo E8500', 'INTEL Core2 Duo E8500 @ 3.16GHz', '39.99', 2277, 1313, 65, 2008, 'Desktop', 'INTEL', 'LGA775'),
('Core2 Duo E8600', 'INTEL Core2 Duo E8600 @ 3.33GHz', '42.45', 2397, 1370, 65, 2008, 'Desktop', 'INTEL', 'LGA775'),
('Core2 Extreme Q6800', 'INTEL Core2 Extreme Q6800 @ 2.93GHz', '1125.00', 3655, 1143, 75, 2008, 'Desktop', 'INTEL', 'LGA775');
INSERT INTO `processeur` (`reference`, `libelle`, `prix`, `score_multi`, `score_mono`, `watt`, `annee`, `utilisation`, `fabricant`, `socket`) VALUES
('Core2 Extreme Q6850', 'INTEL Core2 Extreme Q6850 @ 3.00GHz', '1495.95', 3613, 1154, 130, 2008, 'Desktop', 'INTEL', 'LGA775'),
('Core2 Extreme X6800', 'INTEL Core2 Extreme X6800 @ 2.93GHz', '263.64', 1873, 1112, 75, 2008, 'Desktop', 'INTEL', 'LGA775'),
('Core2 Extreme X9650', 'INTEL Core2 Extreme X9650 @ 3.00GHz', '859.99', 4155, 1252, 130, 2008, 'Desktop', 'INTEL', 'LGA775'),
('Core2 Extreme X9770', 'INTEL Core2 Extreme X9770 @ 3.20GHz', '1608.95', 4608, 1369, 136, 2008, 'Desktop', 'INTEL', 'LGA775'),
('Core2 Extreme X9775', 'INTEL Core2 Extreme X9775 @ 3.20GHz', '1805.95', 4646, 1390, 150, 2009, 'Desktop', 'INTEL', 'LGA771'),
('Core2 Quad Q6600', 'INTEL Core2 Quad Q6600 @ 2.40GHz', '39.98', 2946, 924, 105, 2008, 'Desktop', 'INTEL', 'LGA775'),
('Core2 Quad Q6700', 'INTEL Core2 Quad Q6700 @ 2.66GHz', '44.99', 3277, 1031, 105, 2008, 'Desktop', 'INTEL', 'LGA775'),
('Core2 Quad Q8200', 'INTEL Core2 Quad Q8200 @ 2.33GHz', '22.99', 2805, 990, 95, 2008, 'Desktop', 'INTEL', 'LGA775'),
('Core2 Quad Q8300', 'INTEL Core2 Quad Q8300 @ 2.50GHz', '49.99', 2976, 1056, 95, 2009, 'Desktop', 'INTEL', 'LGA775'),
('Core2 Quad Q8400', 'INTEL Core2 Quad Q8400 @ 2.66GHz', '239.95', 3161, 1119, 95, 2009, 'Desktop', 'INTEL', 'LGA775'),
('Core2 Quad Q9300', 'INTEL Core2 Quad Q9300 @ 2.50GHz', '199.50', 3151, 1060, 95, 2008, 'Desktop', 'INTEL', 'LGA775'),
('Core2 Quad Q9400', 'INTEL Core2 Quad Q9400 @ 2.66GHz', '48.03', 3336, 1127, 95, 2008, 'Desktop', 'INTEL', 'LGA775'),
('Core2 Quad Q9450', 'INTEL Core2 Quad Q9450 @ 2.66GHz', '35.70', 3754, 1132, 95, 2008, 'Desktop', 'INTEL', 'LGA775'),
('Core2 Quad Q9500', 'INTEL Core2 Quad Q9500 @ 2.83GHz', '34.99', 3512, 1191, 95, 2010, 'Desktop', 'INTEL', 'LGA775'),
('Core2 Quad Q9505', 'INTEL Core2 Quad Q9505 @ 2.83GHz', '190.00', 3515, 1182, 95, 2009, 'Desktop', 'INTEL', 'LGA775'),
('Core2 Quad Q9550', 'INTEL Core2 Quad Q9550 @ 2.83GHz', '44.49', 3959, 1196, 95, 2008, 'Desktop', 'INTEL', 'LGA775'),
('Core2 Quad Q9650', 'INTEL Core2 Quad Q9650 @ 3.00GHz', '165.32', 4152, 1259, 95, 2008, 'Desktop', 'INTEL', 'LGA775'),
('E2-3200 APU', 'AMD E2-3200 APU', '7.99', 1381, 779, 65, 2011, 'Desktop', 'AMD', 'FM1'),
('EPYC 3251', 'AMD EPYC 3251', '315.00', 11690, 1439, 50, 2019, 'Server', 'AMD', 'SP4'),
('EPYC 7251', 'AMD EPYC 7251', '410.41', 11811, 1309, 120, 2018, 'Server', 'AMD', 'SP3'),
('EPYC 7262', 'AMD EPYC 7262', '653.99', 20691, 2186, 155, 2019, 'Server', 'AMD', 'SP3'),
('EPYC 7301', 'AMD EPYC 7301', '649.98', 14978, 1270, 155, 2019, 'Server', 'AMD', 'SP3'),
('EPYC 7302P', 'AMD EPYC 7302P', '903.99', 30994, 2248, 155, 2019, 'Server', 'AMD', 'SP3'),
('EPYC 7351', 'AMD EPYC 7351', '718.72', 18081, 1544, 155, 2019, 'Server', 'AMD', 'SP3'),
('EPYC 7351P', 'AMD EPYC 7351P', '1323.00', 14887, 1530, 155, 2017, 'Server', 'AMD', 'SP3'),
('EPYC 7371', 'AMD EPYC 7371', '1550.00', 22071, 1983, 0, 2019, 'Server', 'AMD', 'SP3'),
('EPYC 7401P', 'AMD EPYC 7401P', '860.78', 20221, 1488, 155, 2017, 'Server', 'AMD', 'SP3'),
('EPYC 7402P', 'AMD EPYC 7402P', '1371.99', 28291, 1707, 180, 2019, 'Server', 'AMD', 'SP3'),
('EPYC 7451', 'AMD EPYC 7451', '1009.99', 15760, 1694, 180, 2018, 'Server', 'AMD', 'SP3'),
('EPYC 7452', 'AMD EPYC 7452', '2196.99', 38257, 2232, 155, 2019, 'Server', 'AMD', 'SP3'),
('EPYC 7501', 'AMD EPYC 7501', '3616.70', 18942, 1569, 155, 2017, 'Server', 'AMD', 'SP3'),
('EPYC 7502P', 'AMD EPYC 7502P', '2592.02', 27437, 1404, 180, 2019, 'Server', 'AMD', 'SP3'),
('EPYC 7551', 'AMD EPYC 7551', '6696.00', 18483, 1502, 180, 2017, 'Server', 'AMD', 'SP3'),
('EPYC 7551P', 'AMD EPYC 7551P', '2078.98', 18443, 1279, 180, 2018, 'Server', 'AMD', 'SP3'),
('EPYC 7702P', 'AMD EPYC 7702P', '4783.99', 46067, 2259, 200, 2019, 'Server', 'AMD', 'SP3'),
('EPYC 7742', 'AMD EPYC 7742', '4618.13', 48062, 2317, 225, 2019, 'Server', 'AMD', 'SP3'),
('FX-4100 Quad-Core', 'AMD FX-4100 Quad-Core', '153.45', 4078, 1221, 95, 2011, 'Desktop', 'AMD', 'AM3AM3Plus'),
('FX-4130 Quad-Core', 'AMD FX-4130 Quad-Core', '75.99', 4167, 1249, 125, 2012, 'Desktop', 'AMD', 'AM3AM3Plus'),
('FX-4170 Quad-Core', 'AMD FX-4170 Quad-Core', '99.99', 4874, 1404, 125, 2012, 'Desktop', 'AMD', 'AM3AM3Plus'),
('FX-4200 Quad-Core', 'AMD FX-4200 Quad-Core', '228.21', 4270, 1190, 125, 2013, 'Desktop', 'AMD', 'AM3AM3Plus'),
('FX-4300 Quad-Core', 'AMD FX-4300 Quad-Core', '84.04', 4699, 1409, 95, 2012, 'Desktop', 'AMD', 'AM3AM3Plus'),
('FX-4350 Quad-Core', 'AMD FX-4350 Quad-Core', '430.00', 5343, 1529, 125, 2013, 'Desktop', 'AMD', 'AM3AM3Plus'),
('FX-6100 Six-Core', 'AMD FX-6100 Six-Core', '258.00', 5407, 1188, 95, 2011, 'Desktop', 'AMD', 'AM3AM3Plus'),
('FX-6200 Six-Core', 'AMD FX-6200 Six-Core', '339.95', 6108, 1299, 125, 2012, 'Desktop', 'AMD', 'AM3AM3Plus'),
('FX-6300 Six-Core', 'AMD FX-6300 Six-Core', '209.98', 6412, 1407, 95, 2012, 'Desktop', 'AMD', 'AM3AM3Plus'),
('FX-6350 Six-Core', 'AMD FX-6350 Six-Core', '120.06', 7024, 1484, 125, 2013, 'Desktop', 'AMD', 'AM3AM3Plus'),
('FX-8100 Eight-Core', 'AMD FX-8100 Eight-Core', '142.00', 5884, 1083, 95, 2012, 'Desktop', 'AMD', 'AM3AM3Plus'),
('FX-8120 Eight-Core', 'AMD FX-8120 Eight-Core', '222.73', 6647, 1220, 125, 2011, 'Desktop', 'AMD', 'AM3AM3Plus'),
('FX-8150 Eight-Core', 'AMD FX-8150 Eight-Core', '1443.99', 7656, 1339, 125, 2011, 'Desktop', 'AMD', 'AM3AM3Plus'),
('FX-8300 Eight-Core', 'AMD FX-8300 Eight-Core', '119.99', 7779, 1402, 95, 2013, 'Desktop', 'AMD', 'AM3AM3Plus'),
('FX-8320 Eight-Core', 'AMD FX-8320 Eight-Core', '138.01', 8039, 1396, 125, 2012, 'Desktop', 'AMD', 'AM3AM3Plus'),
('FX-8320E Eight-Core', 'AMD FX-8320E Eight-Core', '239.24', 7585, 1365, 95, 2014, 'Desktop', 'AMD', 'AM3AM3Plus'),
('FX-8350 Eight-Core', 'AMD FX-8350 Eight-Core', '228.00', 8960, 1510, 125, 2012, 'Desktop', 'AMD', 'AM3AM3Plus'),
('FX-8370 Eight-Core', 'AMD FX-8370 Eight-Core', '230.00', 9049, 1536, 125, 2014, 'Desktop', 'AMD', 'AM3AM3Plus'),
('FX-8370E Eight-Core', 'AMD FX-8370E Eight-Core', '320.09', 7871, 1422, 95, 2014, 'Desktop', 'AMD', 'AM3AM3Plus'),
('FX-9370 Eight-Core', 'AMD FX-9370 Eight-Core', '555.00', 9461, 1610, 220, 2013, 'Desktop', 'AMD', 'AM3AM3Plus'),
('FX-9590 Eight-Core', 'AMD FX-9590 Eight-Core', '459.95', 10188, 1724, 220, 2013, 'Desktop', 'AMD', 'AM3AM3Plus'),
('Opteron 1210', 'AMD Opteron 1210', '65.00', 923, 0, 103, 2009, 'Server', 'AMD', 'AM2AM2Plus'),
('Opteron 1212', 'AMD Opteron 1212', '290.00', 1009, 553, 103, 2009, 'Server', 'AMD', 'AM2AM2Plus'),
('Opteron 1214', 'AMD Opteron 1214', '290.00', 1191, 683, 103, 2009, 'Server', 'AMD', 'AM2AM2Plus'),
('Opteron 1216', 'AMD Opteron 1216', '54.85', 1311, 719, 103, 2009, 'Server', 'AMD', 'AM2AM2Plus'),
('Opteron 1352', 'AMD Opteron 1352', '135.99', 2316, 749, 75, 2009, 'Server', 'AMD', 'AM2AM2Plus'),
('Opteron 1354', 'AMD Opteron 1354', '135.00', 2630, 768, 75, 2009, 'Server', 'AMD', 'AM2AM2Plus'),
('Opteron 1356', 'AMD Opteron 1356', '89.99', 2765, 840, 75, 2009, 'Server', 'AMD', 'AM2AM2Plus'),
('Opteron 140', 'AMD Opteron 140', '640.00', 396, 0, 85, 2011, 'Server', 'AMD', 'Socket940'),
('Opteron 144', 'AMD Opteron 144', '65.00', 486, 578, 67, 2008, 'Server', 'AMD', 'Socket939'),
('Opteron 146', 'AMD Opteron 146', '59.99', 532, 615, 67, 2009, 'Server', 'AMD', 'Socket939'),
('Opteron 165', 'AMD Opteron 165', '550.00', 899, 553, 110, 2009, 'Server', 'AMD', 'Socket939'),
('Opteron 180', 'AMD Opteron 180', '129.95', 1236, 733, 110, 2009, 'Server', 'AMD', 'Socket939'),
('Opteron 2212', 'AMD Opteron 2212', '20.00', 1270, 0, 95, 2009, 'Server', 'AMD', 'F(1207)'),
('Opteron 2214', 'AMD Opteron 2214', '29.00', 1358, 0, 95, 2009, 'Server', 'AMD', 'F(1207)'),
('Opteron 2216', 'AMD Opteron 2216', '26.80', 1518, 0, 95, 2009, 'Server', 'AMD', 'F(1207)'),
('Opteron 2218', 'AMD Opteron 2218', '79.95', 1594, 755, 95, 2009, 'Server', 'AMD', 'F(1207)'),
('Opteron 2220', 'AMD Opteron 2220', '79.95', 1701, 851, 95, 2009, 'Server', 'AMD', 'F(1207)'),
('Opteron 2220 SE', 'AMD Opteron 2220 SE', '25.00', 1398, 798, 119, 2009, 'Server', 'AMD', 'F(1207)'),
('Opteron 2222', 'AMD Opteron 2222', '1664.98', 1843, 950, 95, 2013, 'Server', 'AMD', 'F(1207)'),
('Opteron 2350', 'AMD Opteron 2350', '79.95', 2820, 0, 75, 2009, 'Server', 'AMD', 'F(1207)'),
('Opteron 2354', 'AMD Opteron 2354', '332.03', 2450, 784, 115, 2013, 'Server', 'AMD', 'F(1207)'),
('Opteron 2356', 'AMD Opteron 2356', '52.00', 2814, 777, 75, 2009, 'Server', 'AMD', 'F(1207)'),
('Opteron 2374 HE', 'AMD Opteron 2374 HE', '65.00', 2951, 0, 55, 2010, 'Server', 'AMD', 'F(1207)'),
('Opteron 2376', 'AMD Opteron 2376', '166.81', 2283, 0, 75, 2009, 'Server', 'AMD', 'F(1207)'),
('Opteron 2378', 'AMD Opteron 2378', '179.00', 3179, 847, 75, 2009, 'Server', 'AMD', 'F(1207)'),
('Opteron 2380', 'AMD Opteron 2380', '45.00', 2640, 0, 75, 2009, 'Server', 'AMD', 'F(1207)'),
('Opteron 2384', 'AMD Opteron 2384', '840.00', 3538, 972, 75, 2009, 'Server', 'AMD', 'F(1207)'),
('Opteron 2427', 'AMD Opteron 2427', '65.00', 3069, 593, 75, 2011, 'Server', 'AMD', 'F(1207)'),
('Opteron 2431', 'AMD Opteron 2431', '34.99', 4516, 877, 75, 2009, 'Server', 'AMD', 'F(1207)'),
('Opteron 2435', 'AMD Opteron 2435', '65.00', 4708, 912, 75, 2013, 'Server', 'AMD', 'F(1207)'),
('Opteron 246', 'AMD Opteron 246', '19.99', 632, 0, 89, 2009, 'Server', 'AMD', 'Socket940'),
('Opteron 248', 'AMD Opteron 248', '99.95', 476, 0, 89, 2009, 'Server', 'AMD', 'Socket940'),
('Opteron 250', 'AMD Opteron 250', '11.00', 649, 0, 85, 2009, 'Server', 'AMD', 'Socket940'),
('Opteron 252', 'AMD Opteron 252', '63.36', 760, 0, 68, 2009, 'Server', 'AMD', 'Socket940'),
('Opteron 256', 'AMD Opteron 256', '19.00', 963, 0, 93, 2009, 'Server', 'AMD', 'Socket940'),
('Opteron 265', 'AMD Opteron 265', '73.00', 963, 0, 95, 2009, 'Server', 'AMD', 'Socket940'),
('Opteron 270', 'AMD Opteron 270', '259.95', 1170, 632, 95, 2012, 'Server', 'AMD', 'Socket940'),
('Opteron 275', 'AMD Opteron 275', '39.95', 1291, 685, 95, 2008, 'Server', 'AMD', 'Socket940'),
('Opteron 280', 'AMD Opteron 280', '65.00', 1176, 708, 95, 2009, 'Server', 'AMD', 'Socket940'),
('Opteron 285', 'AMD Opteron 285', '79.95', 1470, 782, 95, 2009, 'Server', 'AMD', 'Socket940'),
('Opteron 290', 'AMD Opteron 290', '135.00', 1464, 876, 95, 2009, 'Server', 'AMD', 'Socket940'),
('Opteron 3250 HE', 'AMD Opteron 3250 HE', '99.00', 2942, 947, 45, 2019, 'Server', 'AMD', 'AM3AM3Plus'),
('Opteron 3280', 'AMD Opteron 3280', '273.18', 5533, 942, 65, 2012, 'Server', 'AMD', 'AM3AM3Plus'),
('Opteron 3380', 'AMD Opteron 3380', '809.00', 6384, 1054, 65, 2013, 'Server', 'AMD', 'NA'),
('Opteron 4122', 'AMD Opteron 4122', '124.99', 2942, 0, 95, 2011, 'Server', 'AMD', 'C32'),
('Opteron 4170 HE', 'AMD Opteron 4170 HE', '59.00', 3664, 731, 65, 2010, 'Server', 'AMD', 'C32'),
('Opteron 4184', 'AMD Opteron 4184', '519.95', 4418, 969, 95, 2011, 'Server', 'AMD', 'C32'),
('Opteron 4280', 'AMD Opteron 4280', '50.00', 6430, 1078, 95, 2014, 'Server', 'AMD', 'C32'),
('Opteron 4284', 'AMD Opteron 4284', '59.99', 6660, 1116, 95, 2013, 'Server', 'AMD', 'C32'),
('Opteron 4334', 'AMD Opteron 4334', '216.42', 6099, 1208, 95, 2016, 'Server', 'AMD', 'C32'),
('Opteron 4386', 'AMD Opteron 4386', '139.99', 6761, 964, 95, 2014, 'Server', 'AMD', 'C32'),
('Opteron 6128', 'AMD Opteron 6128', '18.99', 4505, 690, 115, 2010, 'Server', 'AMD', 'G34'),
('Opteron 6134', 'AMD Opteron 6134', '43.99', 2938, 0, 115, 2010, 'Server', 'AMD', 'G34'),
('Opteron 6136', 'AMD Opteron 6136', '110.00', 4916, 688, 115, 2013, 'Server', 'AMD', 'G34'),
('Opteron 6172', 'AMD Opteron 6172', '198.00', 5261, 711, 115, 2010, 'Server', 'AMD', 'G34'),
('Opteron 6174', 'AMD Opteron 6174', '65.00', 6171, 780, 115, 2013, 'Server', 'AMD', 'G34'),
('Opteron 6176 SE', 'AMD Opteron 6176 SE', '159.00', 5465, 737, 140, 2010, 'Server', 'AMD', 'G34'),
('Opteron 6212', 'AMD Opteron 6212', '29.99', 5776, 932, 115, 2013, 'Server', 'AMD', 'G34'),
('Opteron 6220', 'AMD Opteron 6220', '59.99', 6785, 1136, 115, 2013, 'Server', 'AMD', 'G34'),
('Opteron 6234', 'AMD Opteron 6234', '29.95', 5938, 696, 115, 2012, 'Server', 'AMD', 'G34'),
('Opteron 6238', 'AMD Opteron 6238', '359.89', 7673, 992, 115, 2014, 'Server', 'AMD', 'G34'),
('Opteron 6272', 'AMD Opteron 6272', '69.99', 6748, 695, 115, 2011, 'Server', 'AMD', 'G34'),
('Opteron 6274', 'AMD Opteron 6274', '44.99', 4865, 842, 115, 2012, 'Server', 'AMD', 'G34'),
('Opteron 6276', 'AMD Opteron 6276', '169.00', 8889, 1029, 115, 2013, 'Server', 'AMD', 'G34'),
('Opteron 6282 SE', 'AMD Opteron 6282 SE', '640.00', 9116, 900, 140, 2013, 'Server', 'AMD', 'NA'),
('Opteron 6328', 'AMD Opteron 6328', '359.00', 7826, 1311, 115, 2013, 'Server', 'AMD', 'G34'),
('Opteron 6344', 'AMD Opteron 6344', '389.00', 9372, 1172, 115, 2013, 'Server', 'AMD', 'NA'),
('Opteron 6366 HE', 'AMD Opteron 6366 HE', '29.99', 7503, 754, 85, 2014, 'Server', 'AMD', 'NA'),
('Opteron 6376', 'AMD Opteron 6376', '65.00', 9212, 1101, 115, 2013, 'Server', 'AMD', 'G34'),
('Opteron 6378', 'AMD Opteron 6378', '190.00', 9094, 1073, 115, 2015, 'Server', 'AMD', 'G34'),
('Opteron 6380', 'AMD Opteron 6380', '59.00', 10081, 1141, 115, 2015, 'Server', 'AMD', 'G34'),
('Opteron 6386 SE', 'AMD Opteron 6386 SE', '144.99', 10836, 1201, 140, 2014, 'Server', 'AMD', 'G34'),
('Opteron 8354', 'AMD Opteron 8354', '25.00', 2255, 0, 75, 2009, 'Server', 'AMD', 'F(1207)'),
('Opteron 8439 SE', 'AMD Opteron 8439 SE', '60.00', 3813, 907, 105, 2013, 'Server', 'AMD', 'F(1207)'),
('Pentium 4 1600MHz', 'INTEL Pentium 4 1600MHz', '647.45', 193, 0, 38, 2009, 'Desktop', 'INTEL', 'PGA478'),
('Pentium D1508', 'INTEL Pentium D1508 @ 2.20GHz', '129.00', 3813, 1498, 25, 2017, 'Server', 'INTEL', 'BGA1667'),
('Pentium E2140', 'INTEL Pentium E2140 @ 1.60GHz', '89.95', 869, 585, 65, 2008, 'Desktop', 'INTEL', 'LGA775'),
('Pentium E2160', 'INTEL Pentium E2160 @ 1.80GHz', '15.51', 994, 657, 65, 2008, 'Desktop', 'INTEL', 'LGA775'),
('Pentium E2180', 'INTEL Pentium E2180 @ 2.00GHz', '29.50', 1088, 729, 65, 2008, 'Desktop', 'INTEL', 'LGA775'),
('Pentium E2200', 'INTEL Pentium E2200 @ 2.20GHz', '75.00', 1200, 802, 65, 2009, 'Desktop', 'INTEL', 'LGA775'),
('Pentium E2220', 'INTEL Pentium E2220 @ 2.40GHz', '85.99', 1329, 897, 65, 2009, 'Desktop', 'INTEL', 'LGA775'),
('Pentium E5200', 'INTEL Pentium E5200 @ 2.50GHz', '59.95', 1486, 1015, 65, 2009, 'Desktop', 'INTEL', 'LGA775'),
('Pentium E5300', 'INTEL Pentium E5300 @ 2.60GHz', '43.31', 1539, 1049, 65, 2009, 'Desktop', 'INTEL', 'LGA775'),
('Pentium E5400', 'INTEL Pentium E5400 @ 2.70GHz', '17.76', 1596, 1091, 65, 2009, 'Desktop', 'INTEL', 'LGA775'),
('Pentium E5500', 'INTEL Pentium E5500 @ 2.80GHz', '25.99', 1637, 1132, 65, 2010, 'Desktop', 'INTEL', 'LGA775'),
('Pentium E5700', 'INTEL Pentium E5700 @ 3.00GHz', '14.99', 1736, 1215, 65, 2010, 'Desktop', 'INTEL', 'LGA775'),
('Pentium E5800', 'INTEL Pentium E5800 @ 3.20GHz', '22.50', 1888, 1313, 65, 2012, 'Desktop', 'INTEL', 'LGA775'),
('Pentium E6300', 'INTEL Pentium E6300 @ 2.80GHz', '10.30', 1705, 1139, 65, 2009, 'Desktop', 'INTEL', 'LGA775'),
('Pentium E6500', 'INTEL Pentium E6500 @ 2.93GHz', '157.95', 1766, 1191, 65, 2009, 'Desktop', 'INTEL', 'LGA775'),
('Pentium E6600', 'INTEL Pentium E6600 @ 3.06GHz', '100.00', 1860, 1241, 65, 2010, 'Desktop', 'INTEL', 'LGA775'),
('Pentium E6700', 'INTEL Pentium E6700 @ 3.20GHz', '29.99', 1929, 1286, 65, 2010, 'Desktop', 'INTEL', 'LGA775'),
('Pentium E6800', 'INTEL Pentium E6800 @ 3.33GHz', '89.00', 1974, 1338, 65, 2010, 'Desktop', 'INTEL', 'LGA775'),
('Pentium Extreme Edition 955', 'INTEL Pentium Extreme Edition 955 @ 3.46GHz', '31.23', 912, 800, 130, 2009, 'Desktop', 'INTEL', 'LGA775'),
('Pentium G2010', 'INTEL Pentium G2010 @ 2.80GHz', '50.00', 2594, 1494, 55, 2013, 'Desktop', 'INTEL', 'LGA1155'),
('Pentium G2020', 'INTEL Pentium G2020 @ 2.90GHz', '59.95', 2753, 1543, 55, 2013, 'Desktop', 'INTEL', 'LGA1155'),
('Pentium G2020T', 'INTEL Pentium G2020T @ 2.50GHz', '47.60', 2418, 1311, 35, 2013, 'Desktop', 'INTEL', 'LGA1155'),
('Pentium G2030', 'INTEL Pentium G2030 @ 3.00GHz', '48.00', 2863, 1602, 55, 2013, 'Desktop', 'INTEL', 'LGA1155'),
('Pentium G2030T', 'INTEL Pentium G2030T @ 2.60GHz', '64.00', 2496, 1391, 35, 2014, 'Desktop', 'INTEL', 'LGA1155'),
('Pentium G2120', 'INTEL Pentium G2120 @ 3.10GHz', '159.55', 3080, 1649, 55, 2012, 'Desktop', 'INTEL', 'LGA1155'),
('Pentium G2130', 'INTEL Pentium G2130 @ 3.20GHz', '49.99', 3189, 1710, 55, 2013, 'Desktop', 'INTEL', 'LGA1155'),
('Pentium G2140', 'INTEL Pentium G2140 @ 3.30GHz', '81.56', 3377, 1816, 55, 2014, 'Desktop', 'INTEL', 'LGA1155'),
('Pentium G3220', 'INTEL Pentium G3220 @ 3.00GHz', '95.93', 3123, 1741, 54, 2013, 'Desktop', 'INTEL', 'LGA1150'),
('Pentium G3220T', 'INTEL Pentium G3220T @ 2.60GHz', '62.98', 2562, 1452, 35, 2014, 'Desktop', 'INTEL', 'LGA1150'),
('Pentium G3240', 'INTEL Pentium G3240 @ 3.10GHz', '79.99', 3154, 1786, 53, 2014, 'Desktop', 'INTEL', 'LGA1150'),
('Pentium G3250', 'INTEL Pentium G3250 @ 3.20GHz', '232.84', 3240, 1857, 53, 2014, 'Desktop', 'INTEL', 'LGA1150'),
('Pentium G3250T', 'INTEL Pentium G3250T @ 2.80GHz', '89.99', 2969, 1648, 35, 2015, 'Desktop', 'INTEL', 'LGA1150'),
('Pentium G3258', 'INTEL Pentium G3258 @ 3.20GHz', '188.28', 3862, 2123, 53, 2014, 'Desktop', 'INTEL', 'LGA1150'),
('Pentium G3260', 'INTEL Pentium G3260 @ 3.30GHz', '139.99', 3358, 1918, 53, 2015, 'Desktop', 'INTEL', 'LGA1150'),
('Pentium G3260T', 'INTEL Pentium G3260T @ 2.90GHz', '89.99', 2930, 1714, 35, 2015, 'Desktop', 'INTEL', 'LGA1150'),
('Pentium G3420', 'INTEL Pentium G3420 @ 3.20GHz', '77.00', 3393, 1871, 54, 2013, 'Desktop', 'INTEL', 'LGA1150'),
('Pentium G3420T', 'INTEL Pentium G3420T @ 2.70GHz', '159.99', 3008, 1606, 35, 2014, 'Desktop', 'INTEL', 'LGA1150'),
('Pentium G3430', 'INTEL Pentium G3430 @ 3.30GHz', '89.99', 3396, 1868, 54, 2013, 'Desktop', 'INTEL', 'LGA1150'),
('Pentium G3440', 'INTEL Pentium G3440 @ 3.30GHz', '159.94', 3324, 1897, 53, 2014, 'Desktop', 'INTEL', 'LGA1150'),
('Pentium G3450', 'INTEL Pentium G3450 @ 3.40GHz', '99.99', 3696, 2004, 53, 2014, 'Desktop', 'INTEL', 'LGA1150'),
('Pentium G3460', 'INTEL Pentium G3460 @ 3.50GHz', '288.20', 3587, 2022, 53, 2014, 'Desktop', 'INTEL', 'LGA1150'),
('Pentium G3470', 'INTEL Pentium G3470 @ 3.60GHz', '104.29', 3714, 2131, 53, 2015, 'Desktop', 'INTEL', 'LGA1150'),
('Pentium G4400', 'INTEL Pentium G4400 @ 3.30GHz', '175.30', 3529, 1873, 54, 2015, 'Desktop', 'INTEL', 'LGA1151'),
('Pentium G4500', 'INTEL Pentium G4500 @ 3.50GHz', '93.00', 3792, 1972, 51, 2015, 'Desktop', 'INTEL', 'LGA1151'),
('Pentium G4520', 'INTEL Pentium G4520 @ 3.60GHz', '109.99', 4184, 2079, 51, 2015, 'Desktop', 'INTEL', 'LGA1151'),
('Pentium G4560', 'INTEL Pentium G4560 @ 3.50GHz', '99.99', 4860, 1987, 54, 2017, 'Desktop', 'INTEL', 'LGA1151'),
('Pentium G4560T', 'INTEL Pentium G4560T @ 2.90GHz', '109.99', 3909, 1623, 35, 2017, 'Desktop', 'INTEL', 'LGA1151'),
('Pentium G4600', 'INTEL Pentium G4600 @ 3.60GHz', '259.95', 5068, 2060, 51, 2017, 'Desktop', 'INTEL', 'LGA1151'),
('Pentium G4600T', 'INTEL Pentium G4600T @ 3.00GHz', '177.28', 4266, 1754, 35, 2017, 'Desktop', 'INTEL', 'LGA1151'),
('Pentium G4620', 'INTEL Pentium G4620 @ 3.70GHz', '113.66', 5216, 2132, 51, 2017, 'Desktop', 'INTEL', 'LGA1151'),
('Pentium G620', 'INTEL Pentium G620 @ 2.60GHz', '24.99', 2286, 1324, 65, 2011, 'Desktop', 'INTEL', 'LGA1155'),
('Pentium G620T', 'INTEL Pentium G620T @ 2.20GHz', '79.99', 2033, 1138, 35, 2011, 'Desktop', 'INTEL', 'LGA1155'),
('Pentium G630', 'INTEL Pentium G630 @ 2.70GHz', '100.00', 2369, 1383, 65, 2011, 'Desktop', 'INTEL', 'LGA1155'),
('Pentium G630T', 'INTEL Pentium G630T @ 2.30GHz', '79.99', 2086, 1163, 35, 2011, 'Desktop', 'INTEL', 'LGA1155'),
('Pentium G640', 'INTEL Pentium G640 @ 2.80GHz', '40.00', 2520, 1450, 65, 2012, 'Desktop', 'INTEL', 'LGA1155'),
('Pentium G645', 'INTEL Pentium G645 @ 2.90GHz', '40.00', 2587, 1485, 65, 2012, 'Desktop', 'INTEL', 'LGA1155'),
('Pentium G6950', 'INTEL Pentium G6950 @ 2.80GHz', '39.99', 1855, 1113, 73, 2010, 'Desktop', 'INTEL', 'LGA1156'),
('Pentium G6951', 'INTEL Pentium G6951 @ 2.80GHz', '94.00', 2135, 1157, 73, 2011, 'Desktop', 'INTEL', 'LGA1156'),
('Pentium G840', 'INTEL Pentium G840 @ 2.80GHz', '34.99', 2560, 1456, 65, 2011, 'Desktop', 'INTEL', 'LGA1155'),
('Pentium G850', 'INTEL Pentium G850 @ 2.90GHz', '29.88', 2654, 1501, 65, 2011, 'Desktop', 'INTEL', 'LGA1155'),
('Pentium G860', 'INTEL Pentium G860 @ 3.00GHz', '29.99', 2735, 1547, 65, 2011, 'Desktop', 'INTEL', 'LGA1155'),
('Pentium G870', 'INTEL Pentium G870 @ 3.10GHz', '97.00', 2787, 1589, 65, 2012, 'Desktop', 'INTEL', 'LGA1155'),
('Pentium Gold G5400', 'INTEL Pentium Gold G5400 @ 3.70GHz', '69.99', 5199, 2174, 54, 2018, 'Desktop', 'INTEL', 'LGA1151-2'),
('Pentium Gold G5400T', 'INTEL Pentium Gold G5400T @ 3.10GHz', '64.00', 4884, 1870, 35, 2018, 'Server', 'INTEL', 'LGA1151-2'),
('Pentium Gold G5420', 'INTEL Pentium Gold G5420 @ 3.80GHz', '84.99', 5267, 2247, 54, 2019, 'Desktop', 'INTEL', 'LGA1151-2'),
('Pentium Gold G5420T', 'INTEL Pentium Gold G5420T @ 3.20GHz', '64.00', 5156, 1924, 35, 2019, 'Desktop', 'INTEL', 'LGA1151-2'),
('Pentium Gold G5500', 'INTEL Pentium Gold G5500 @ 3.80GHz', '169.90', 5195, 2158, 54, 2018, 'Desktop', 'INTEL', 'LGA1151-2'),
('Pentium Gold G5500T', 'INTEL Pentium Gold G5500T @ 3.20GHz', '75.00', 4346, 1781, 35, 2018, 'Desktop', 'INTEL', 'LGA1151-2'),
('Pentium Gold G5600', 'INTEL Pentium Gold G5600 @ 3.90GHz', '110.76', 5579, 2232, 54, 2018, 'Desktop', 'INTEL', 'LGA1151-2'),
('Pentium Gold G5620', 'INTEL Pentium Gold G5620 @ 4.00GHz', '167.13', 5655, 2281, 54, 2019, 'Desktop', 'INTEL', 'LGA1151-2'),
('Phenom 8250e Triple-Core', 'AMD Phenom 8250e Triple-Core', '46.99', 1635, 631, 65, 2009, 'Desktop', 'AMD', 'Socket940'),
('Phenom 8450 Triple-Core', 'AMD Phenom 8450 Triple-Core', '29.95', 1887, 721, 95, 2008, 'Desktop', 'AMD', 'AM2AM2Plus'),
('Phenom 8600 Triple-Core', 'AMD Phenom 8600 Triple-Core', '52.99', 1675, 772, 95, 2009, 'Desktop', 'AMD', 'AM2AM2Plus'),
('Phenom 8600B Triple-Core', 'AMD Phenom 8600B Triple-Core', '52.99', 1919, 764, 95, 2009, 'Desktop', 'AMD', 'AM2AM2Plus'),
('Phenom 8650 Triple-Core', 'AMD Phenom 8650 Triple-Core', '49.99', 1986, 785, 95, 2008, 'Desktop', 'AMD', 'AM2AM2Plus'),
('Phenom 9100e Quad-Core', 'AMD Phenom 9100e Quad-Core', '39.95', 1833, 624, 65, 2009, 'Desktop', 'AMD', 'AM2AM2Plus'),
('Phenom 9150e Quad-Core', 'AMD Phenom 9150e Quad-Core', '39.95', 2112, 620, 65, 2009, 'Desktop', 'AMD', 'AM2AM2Plus'),
('Phenom 9350e Quad-Core', 'AMD Phenom 9350e Quad-Core', '3382.07', 2320, 671, 65, 2009, 'Desktop', 'AMD', 'AM2AM2Plus'),
('Phenom 9450e Quad-Core', 'AMD Phenom 9450e Quad-Core', '105.00', 2599, 758, 65, 2010, 'Desktop', 'AMD', 'AM2AM2Plus'),
('Phenom 9500 Quad-Core', 'AMD Phenom 9500 Quad-Core', '28.99', 2202, 756, 95, 2008, 'Desktop', 'AMD', 'AM2AM2Plus'),
('Phenom 9550 Quad-Core', 'AMD Phenom 9550 Quad-Core', '28.99', 2545, 760, 95, 2008, 'Desktop', 'AMD', 'AM2AM2Plus'),
('Phenom 9600 Quad-Core', 'AMD Phenom 9600 Quad-Core', '49.95', 2303, 790, 95, 2008, 'Desktop', 'AMD', 'AM2AM2Plus'),
('Phenom 9600B Quad-Core', 'AMD Phenom 9600B Quad-Core', '147.19', 2575, 791, 95, 2009, 'Desktop', 'AMD', 'AM2AM2Plus'),
('Phenom 9650 Quad-Core', 'AMD Phenom 9650 Quad-Core', '44.95', 2634, 791, 95, 2008, 'Desktop', 'AMD', 'AM2AM2Plus'),
('Phenom 9750 Quad-Core', 'AMD Phenom 9750 Quad-Core', '59.95', 2810, 833, 125, 2008, 'Desktop', 'AMD', 'AM2AM2Plus'),
('Phenom 9850 Quad-Core', 'AMD Phenom 9850 Quad-Core', '119.99', 2886, 848, 125, 2008, 'Desktop', 'AMD', 'AM2AM2Plus'),
('Phenom 9950 Quad-Core', 'AMD Phenom 9950 Quad-Core', '134.99', 3009, 890, 125, 2008, 'Desktop', 'AMD', 'AM2AM2Plus'),
('Phenom II X2 545', 'AMD Phenom II X2 545', '43.98', 1918, 1026, 80, 2009, 'AM3', 'AMD', 'AM2AM2Plus'),
('Phenom II X2 550', 'AMD Phenom II X2 550', '49.99', 2023, 1065, 80, 2009, 'AM3', 'AMD', 'AM2AM2Plus'),
('Phenom II X2 555', 'AMD Phenom II X2 555', '27.98', 2043, 1069, 80, 2010, 'AM3', 'AMD', 'AM2AM2Plus'),
('Phenom II X2 560', 'AMD Phenom II X2 560', '64.99', 2062, 1097, 80, 2010, 'AM3', 'AMD', 'AM2AM2Plus'),
('Phenom II X2 565', 'AMD Phenom II X2 565', '209.95', 2225, 1118, 80, 2011, 'AM3', 'AMD', 'AM2AM2Plus'),
('Phenom II X2 B55', 'AMD Phenom II X2 B55', '47.95', 1920, 1033, 80, 2009, 'Desktop', 'AMD', 'AM3AM3Plus'),
('Phenom II X2 B59', 'AMD Phenom II X2 B59', '44.04', 2129, 1137, 80, 2012, 'AM3', 'AMD', 'AM2AM2Plus'),
('Phenom II X3 705e', 'AMD Phenom II X3 705e', '152.34', 2209, 844, 65, 2009, 'Desktop', 'AMD', 'AM3AM3Plus'),
('Phenom II X3 710', 'AMD Phenom II X3 710', '84.53', 2449, 907, 95, 2009, 'Desktop', 'AMD', 'AM3AM3Plus'),
('Phenom II X3 715', 'AMD Phenom II X3 715', '84.99', 2649, 0, 95, 2010, 'Desktop', 'AMD', 'AM2AM2Plus'),
('Phenom II X3 720', 'AMD Phenom II X3 720', '69.99', 2666, 966, 95, 2009, 'Desktop', 'AMD', 'AM3AM3Plus'),
('Phenom II X3 B73', 'AMD Phenom II X3 B73', '75.00', 2735, 976, 95, 2010, 'Desktop', 'AMD', 'AM3AM3Plus'),
('Phenom II X3 B75', 'AMD Phenom II X3 B75', '39.99', 2872, 1056, 95, 2009, 'Desktop', 'AMD', 'AM3AM3Plus'),
('Phenom II X3 B77', 'AMD Phenom II X3 B77', '22.29', 3067, 1126, 95, 2012, 'AM3', 'AMD', 'AM2AM2Plus'),
('Phenom II X4 805', 'AMD Phenom II X4 805', '173.99', 2998, 870, 95, 2009, 'Desktop', 'AMD', 'AM3AM3Plus'),
('Phenom II X4 810', 'AMD Phenom II X4 810', '115.99', 3119, 905, 95, 2009, 'Desktop', 'AMD', 'AM3AM3Plus'),
('Phenom II X4 820', 'AMD Phenom II X4 820', '74.95', 3392, 977, 95, 2009, 'Desktop', 'AMD', 'AM3AM3Plus'),
('Phenom II X4 830', 'AMD Phenom II X4 830', '79.95', 3434, 949, 95, 2010, 'AM3', 'AMD', 'AM2AM2Plus'),
('Phenom II X4 840', 'AMD Phenom II X4 840', '89.95', 3508, 1099, 95, 2011, 'AM3', 'AMD', 'AM2AM2Plus'),
('Phenom II X4 840T', 'AMD Phenom II X4 840T', '69.99', 3594, 1038, 95, 2010, 'AM3', 'AMD', 'AM2AM2Plus'),
('Phenom II X4 850', 'AMD Phenom II X4 850', '64.99', 3549, 1116, 95, 2011, 'AM3', 'AMD', 'AM2AM2Plus'),
('Phenom II X4 905e', 'AMD Phenom II X4 905e', '53.99', 3080, 876, 65, 2009, 'Desktop', 'AMD', 'AM3AM3Plus'),
('Phenom II X4 910', 'AMD Phenom II X4 910', '100.00', 3246, 906, 95, 2009, 'Desktop', 'AMD', 'AM3AM3Plus'),
('Phenom II X4 910e', 'AMD Phenom II X4 910e', '156.99', 3254, 915, 65, 2010, 'Desktop', 'AMD', 'AM3AM3Plus'),
('Phenom II X4 920', 'AMD Phenom II X4 920', '79.99', 3389, 964, 125, 2009, 'Desktop', 'AMD', 'AM2AM2Plus'),
('Phenom II X4 925', 'AMD Phenom II X4 925', '43.99', 3412, 970, 95, 2009, 'Desktop', 'AMD', 'AM3AM3Plus'),
('Phenom II X4 940', 'AMD Phenom II X4 940', '201.21', 3586, 1024, 125, 2009, 'Desktop', 'AMD', 'AM2AM2Plus'),
('Phenom II X4 945', 'AMD Phenom II X4 945', '68.11', 3650, 1036, 125, 2009, 'Desktop', 'AMD', 'AM3AM3Plus'),
('Phenom II X4 955', 'AMD Phenom II X4 955', '130.16', 3913, 1107, 125, 2009, 'Desktop', 'AMD', 'AM3AM3Plus'),
('Phenom II X4 960T', 'AMD Phenom II X4 960T', '469.00', 3768, 1133, 95, 2011, 'Desktop', 'AMD', 'AM3AM3Plus'),
('Phenom II X4 965', 'AMD Phenom II X4 965', '84.01', 4175, 1181, 125, 2009, 'Desktop', 'AMD', 'AM3AM3Plus'),
('Phenom II X4 B95', 'AMD Phenom II X4 B95', '72.95', 3676, 1046, 95, 2010, 'Desktop', 'AMD', 'AM3AM3Plus'),
('Phenom II X4 B97', 'AMD Phenom II X4 B97', '56.99', 3863, 1104, 95, 2010, 'AM3', 'AMD', 'AM2AM2Plus'),
('Phenom II X6 1035T', 'AMD Phenom II X6 1035T', '189.00', 4664, 1019, 95, 2010, 'Desktop', 'AMD', 'AM3AM3Plus'),
('Phenom II X6 1045T', 'AMD Phenom II X6 1045T', '104.02', 4793, 1068, 95, 2010, 'Desktop', 'AMD', 'AM3AM3Plus'),
('Phenom II X6 1055T', 'AMD Phenom II X6 1055T', '118.02', 4961, 1110, 125, 2010, 'Desktop', 'AMD', 'AM3AM3Plus'),
('Phenom II X6 1075T', 'AMD Phenom II X6 1075T', '112.99', 5321, 1190, 125, 2010, 'Desktop', 'AMD', 'AM3AM3Plus'),
('Phenom II X6 1090T', 'AMD Phenom II X6 1090T', '174.04', 5553, 1216, 125, 2010, 'Desktop', 'AMD', 'AM3AM3Plus'),
('Phenom II X6 1100T', 'AMD Phenom II X6 1100T', '177.49', 5702, 1251, 125, 2010, 'Desktop', 'AMD', 'AM3AM3Plus'),
('Phenom X3 8550', 'AMD Phenom X3 8550', '169.95', 1931, 742, 95, 2009, 'AM2+', 'AMD', 'AM2AM2Plus'),
('PRO A10-9700', 'AMD PRO A10-9700', '169.00', 5589, 1746, 65, 2016, 'Desktop', 'AMD', 'AM4'),
('PRO A10-9700E', 'AMD PRO A10-9700E', '139.00', 5066, 1638, 35, 2016, 'Desktop', 'AMD', 'AM4'),
('PRO A12-9800', 'AMD PRO A12-9800', '169.00', 6107, 1908, 65, 2017, 'Desktop', 'AMD', 'AM4'),
('PRO A12-9800E', 'AMD PRO A12-9800E', '169.00', 4769, 1614, 35, 2017, 'Desktop', 'AMD', 'AM4'),
('PRO A6-9500', 'AMD PRO A6-9500', '74.00', 2975, 1778, 65, 2017, 'Desktop', 'AMD', 'AM4'),
('PRO A6-9500E', 'AMD PRO A6-9500E', '74.00', 2717, 1589, 35, 2017, 'Desktop', 'AMD', 'AM4'),
('PRO A8-9600', 'AMD PRO A8-9600', '119.00', 5277, 1604, 65, 2016, 'Desktop', 'AMD', 'AM4'),
('Quad-Core Opteron 1385', 'Quad-Core AMD Opteron 1385', '54.00', 3442, 953, 115, 2014, 'Server', 'AMD', 'AM3AM3Plus'),
('Ryzen 3 1200', 'AMD Ryzen 3 1200', '65.95', 6805, 1719, 65, 2017, 'Desktop', 'AMD', 'AM4'),
('Ryzen 3 1300X', 'AMD Ryzen 3 1300X', '204.78', 7557, 1891, 65, 2017, 'Desktop', 'AMD', 'AM4'),
('Ryzen 3 2200G', 'AMD Ryzen 3 2200G', '100.00', 7329, 1845, 65, 2018, 'Desktop', 'AMD', 'AM4'),
('Ryzen 3 2300X', 'AMD Ryzen 3 2300X', '194.42', 8347, 2089, 65, 2019, 'Desktop', 'AMD', 'AM4'),
('Ryzen 3 3200G', 'AMD Ryzen 3 3200G', '94.99', 7780, 1993, 65, 2019, 'Desktop', 'AMD', 'AM4'),
('Ryzen 5 1400', 'AMD Ryzen 5 1400', '139.99', 8374, 1715, 65, 2017, 'Desktop', 'AMD', 'AM4'),
('Ryzen 5 1500X', 'AMD Ryzen 5 1500X', '150.54', 10124, 1869, 65, 2017, 'Desktop', 'AMD', 'AM4'),
('Ryzen 5 1600', 'AMD Ryzen 5 1600', '95.00', 12308, 1822, 65, 2017, 'Desktop', 'AMD', 'AM4'),
('Ryzen 5 1600X', 'AMD Ryzen 5 1600X', '159.80', 13204, 1964, 95, 2017, 'Desktop', 'AMD', 'AM4'),
('Ryzen 5 2400G', 'AMD Ryzen 5 2400G', '368.00', 9320, 1946, 65, 2018, 'Desktop', 'AMD', 'AM4'),
('Ryzen 5 2600', 'AMD Ryzen 5 2600', '117.98', 13495, 2004, 65, 2018, 'Desktop', 'AMD', 'AM4'),
('Ryzen 5 2600X', 'AMD Ryzen 5 2600X', '152.95', 14352, 2142, 95, 2018, 'Desktop', 'AMD', 'AM4'),
('Ryzen 5 3400G', 'AMD Ryzen 5 3400G', '200.91', 9946, 2097, 65, 2019, 'Desktop', 'AMD', 'AM4'),
('Ryzen 5 3600', 'AMD Ryzen 5 3600', '174.99', 19865, 2803, 65, 2019, 'Desktop', 'AMD', 'AM4'),
('Ryzen 5 3600X', 'AMD Ryzen 5 3600X', '221.14', 20507, 2913, 95, 2019, 'Desktop', 'AMD', 'AM4'),
('Ryzen 7 1700', 'AMD Ryzen 7 1700', '289.98', 13939, 1781, 65, 2017, 'Desktop', 'AMD', 'AM4'),
('Ryzen 7 1700X', 'AMD Ryzen 7 1700X', '296.98', 14815, 1886, 95, 2017, 'Desktop', 'AMD', 'AM4'),
('Ryzen 7 1800X', 'AMD Ryzen 7 1800X', '299.00', 15544, 1970, 95, 2017, 'Desktop', 'AMD', 'AM4'),
('Ryzen 7 2700', 'AMD Ryzen 7 2700', '155.99', 15056, 1983, 65, 2018, 'Desktop', 'AMD', 'AM4'),
('Ryzen 7 2700X', 'AMD Ryzen 7 2700X', '169.99', 16923, 2182, 105, 2018, 'Desktop', 'AMD', 'AM4'),
('Ryzen 7 3700X', 'AMD Ryzen 7 3700X', '299.99', 23840, 2906, 65, 2019, 'Desktop', 'AMD', 'AM4'),
('Ryzen 7 3800X', 'AMD Ryzen 7 3800X', '339.99', 24504, 2981, 105, 2019, 'Desktop', 'AMD', 'AM4'),
('Ryzen 9 3900X', 'AMD Ryzen 9 3900X', '479.95', 31957, 2939, 105, 2019, 'Desktop', 'AMD', 'AM4'),
('Ryzen 9 3950X', 'AMD Ryzen 9 3950X', '749.99', 35675, 2982, 105, 2019, 'Desktop', 'AMD', 'AM4'),
('Ryzen Threadripper 1900X', 'AMD Ryzen Threadripper 1900X', '280.14', 16007, 2058, 180, 2017, 'Desktop', 'AMD', 'sTR4'),
('Ryzen Threadripper 1920X', 'AMD Ryzen Threadripper 1920X', '262.90', 20138, 2026, 180, 2017, 'Desktop', 'AMD', 'sTR4'),
('Ryzen Threadripper 1950X', 'AMD Ryzen Threadripper 1950X', '489.99', 21942, 1989, 180, 2017, 'Desktop', 'AMD', 'sTR4'),
('Ryzen Threadripper 2920X', 'AMD Ryzen Threadripper 2920X', '400.00', 21873, 2202, 180, 2018, 'Desktop', 'AMD', 'sTR4'),
('Ryzen Threadripper 2950X', 'AMD Ryzen Threadripper 2950X', '684.59', 25235, 2207, 180, 2018, 'Desktop', 'AMD', 'sTR4'),
('Ryzen Threadripper 2970WX', 'AMD Ryzen Threadripper 2970WX', '939.49', 21927, 2061, 250, 2018, 'Desktop', 'AMD', 'sTR4'),
('Ryzen Threadripper 2990WX', 'AMD Ryzen Threadripper 2990WX', '1522.95', 23249, 2070, 250, 2018, 'Desktop', 'AMD', 'sTR4'),
('Ryzen Threadripper 3960X', 'AMD Ryzen Threadripper 3960X', '1639.99', 46232, 2937, 280, 2019, 'Desktop', 'AMD', 'sTRX4'),
('Ryzen Threadripper 3970X', 'AMD Ryzen Threadripper 3970X', '1949.75', 48439, 2935, 280, 2019, 'Desktop', 'AMD', 'sTRX4'),
('Ryzen Threadripper 3990X', 'AMD Ryzen Threadripper 3990X', '3899.99', 55444, 2874, 280, 2020, 'Desktop', 'AMD', 'sTRX4'),
('Sempron 130', 'AMD Sempron 130', '24.99', 700, 751, 45, 2012, 'AM3', 'AMD', 'AM2AM2Plus'),
('Sempron 140', 'AMD Sempron 140', '39.59', 742, 840, 45, 2009, 'Desktop', 'AMD', 'AM3AM3Plus'),
('Sempron 145', 'AMD Sempron 145', '94.92', 806, 887, 45, 2010, 'Desktop', 'AMD', 'AM3AM3Plus'),
('Sempron 150', 'AMD Sempron 150', '44.95', 759, 866, 45, 2011, 'Desktop', 'AMD', 'AM3AM3Plus'),
('Sempron 2200+', 'AMD Sempron 2200+', '29.99', 282, 429, 0, 2009, 'Desktop', 'AMD', 'Socket462'),
('Sempron 2300+', 'AMD Sempron 2300+', '45.00', 318, 483, 0, 2009, 'Desktop', 'AMD', 'Socket462'),
('Sempron 240', 'AMD Sempron 240', '58.00', 2110, 1226, 65, 2018, 'Desktop', 'AMD', 'FM2FM2Plus'),
('Sempron 2400+', 'AMD Sempron 2400+', '22.99', 314, 493, 0, 2008, 'Desktop', 'AMD', 'Socket462'),
('Sempron 2500+', 'AMD Sempron 2500+', '69.95', 334, 465, 0, 2009, 'Desktop', 'AMD', 'Socket462'),
('Sempron 2600+', 'AMD Sempron 2600+', '24.99', 374, 471, 0, 2008, 'Desktop', 'AMD', 'Socket462'),
('Sempron 2650 APU', 'AMD Sempron 2650 APU', '64.95', 951, 534, 25, 2014, 'Desktop', 'AMD', 'AM1'),
('Sempron 2800+', 'AMD Sempron 2800+', '39.95', 383, 486, 62, 2008, 'Desktop', 'AMD', 'AM2AM2Plus'),
('Sempron 3000+', 'AMD Sempron 3000+', '20.00', 408, 513, 62, 2008, 'Desktop', 'AMD', 'AM2AM2Plus'),
('Sempron 3100+', 'AMD Sempron 3100+', '60.00', 452, 539, 62, 2009, 'Desktop', 'AMD', 'Socket754'),
('Sempron 3200+', 'AMD Sempron 3200+', '122.25', 406, 487, 62, 2009, 'Desktop', 'AMD', 'AM2AM2Plus'),
('Sempron 3300+', 'AMD Sempron 3300+', '110.27', 484, 605, 62, 2008, 'Desktop', 'AMD', 'Socket754'),
('Sempron 3400+', 'AMD Sempron 3400+', '146.42', 454, 521, 62, 2008, 'Desktop', 'AMD', 'AM2AM2Plus'),
('Sempron 3500+', 'AMD Sempron 3500+', '20.00', 379, 480, 62, 2009, 'Desktop', 'AMD', 'AM2AM2Plus'),
('Sempron 3600+', 'AMD Sempron 3600+', '12.00', 483, 560, 62, 2009, 'Desktop', 'AMD', 'AM2AM2Plus'),
('Sempron 3800+', 'AMD Sempron 3800+', '152.92', 554, 649, 62, 2008, 'Desktop', 'AMD', 'AM2AM2Plus'),
('Sempron 3850 APU', 'AMD Sempron 3850 APU', '72.10', 1718, 512, 25, 2014, 'Desktop', 'AMD', 'AM1'),
('Sempron LE-1250', 'AMD Sempron LE-1250', '99.95', 543, 602, 45, 2009, 'Desktop', 'AMD', 'AM2AM2Plus'),
('Sempron LE-1300', 'AMD Sempron LE-1300', '25.00', 598, 617, 45, 2009, 'Desktop', 'AMD', 'AM2AM2Plus'),
('Sempron X2 190', 'AMD Sempron X2 190', '83.44', 1534, 867, 45, 2012, 'AM3', 'AMD', 'AM2AM2Plus'),
('Xeon 2.40GHz', 'INTEL Xeon 2.40GHz', '9.10', 276, 595, 0, 2009, 'Server', 'INTEL', 'NA'),
('Xeon 3.60GHz', 'INTEL Xeon 3.60GHz', '851.00', 509, 790, 110, 2009, 'Server', 'INTEL', 'PGA604'),
('Xeon 3.80GHz', 'INTEL Xeon 3.80GHz', '851.00', 604, 914, 110, 2009, 'Server', 'INTEL', 'PGA604'),
('Xeon 3040', 'INTEL Xeon 3040 @ 1.86GHz', '25.04', 1278, 738, 65, 2009, 'Server', 'INTEL', 'LGA775'),
('Xeon 3050', 'INTEL Xeon 3050 @ 2.13GHz', '157.95', 1300, 803, 65, 2009, 'Server', 'INTEL', 'LGA775'),
('Xeon 3060', 'INTEL Xeon 3060 @ 2.40GHz', '22.99', 1518, 852, 65, 2009, 'Server', 'INTEL', 'LGA775'),
('Xeon 3065', 'INTEL Xeon 3065 @ 2.33GHz', '20.90', 1520, 863, 65, 2009, 'Server', 'INTEL', 'LGA775'),
('Xeon 3070', 'INTEL Xeon 3070 @ 2.66GHz', '176.96', 1784, 1026, 65, 2010, 'Server', 'INTEL', 'LGA775'),
('Xeon 3075', 'INTEL Xeon 3075 @ 2.66GHz', '349.95', 1840, 1061, 0, 2011, 'Server', 'INTEL', 'NA'),
('Xeon 5110', 'INTEL Xeon 5110 @ 1.60GHz', '35.00', 1084, 619, 65, 2009, 'Server', 'INTEL', 'LGA771'),
('Xeon 5120', 'INTEL Xeon 5120 @ 1.86GHz', '1619.99', 1248, 721, 65, 2009, 'Server', 'INTEL', 'LGA771'),
('Xeon 5130', 'INTEL Xeon 5130 @ 2.00GHz', '48.99', 1366, 768, 65, 2009, 'Server', 'INTEL', 'LGA771'),
('Xeon 5140', 'INTEL Xeon 5140 @ 2.33GHz', '24.99', 1636, 892, 65, 2009, 'Server', 'INTEL', 'LGA771'),
('Xeon 5148', 'INTEL Xeon 5148 @ 2.33GHz', '13.13', 1590, 899, 40, 2010, 'Server', 'INTEL', 'LGA771'),
('Xeon 5150', 'INTEL Xeon 5150 @ 2.66GHz', '139.95', 1740, 1023, 65, 2009, 'Server', 'INTEL', 'LGA771'),
('Xeon 5160', 'INTEL Xeon 5160 @ 3.00GHz', '49.99', 1958, 1139, 80, 2009, 'Server', 'INTEL', 'LGA771'),
('Xeon Bronze 3104', 'INTEL Xeon Bronze 3104 @ 1.70GHz', '221.91', 5701, 973, 85, 2018, 'Server', 'INTEL', 'LGA3647'),
('Xeon Bronze 3106', 'INTEL Xeon Bronze 3106 @ 1.70GHz', '329.99', 6885, 936, 85, 2018, 'Server', 'INTEL', 'LGA3647'),
('Xeon D-1531', 'INTEL Xeon D-1531 @ 2.20GHz', '348.00', 9643, 1502, 45, 2017, 'Server', 'INTEL', 'BGA1667'),
('Xeon D-1537', 'INTEL Xeon D-1537 @ 1.70GHz', '571.00', 8445, 940, 35, 2018, 'Server', 'INTEL', 'BGA1667'),
('Xeon D-1539', 'INTEL Xeon D-1539 @ 1.60GHz', '486.00', 8443, 1004, 35, 2019, 'Server', 'INTEL', 'BGA1667'),
('Xeon D-1548', 'INTEL Xeon D-1548 @ 2.00GHz', '555.00', 10679, 1402, 45, 2019, 'Server', 'INTEL', 'BGA1667'),
('Xeon D-1557', 'INTEL Xeon D-1557 @ 1.50GHz', '694.00', 10950, 1103, 45, 2019, 'Server', 'INTEL', 'BGA1667'),
('Xeon D-2123IT', 'INTEL Xeon D-2123IT @ 2.20GHz', '213.00', 8150, 1651, 60, 2018, 'Server', 'INTEL', 'BGA2518'),
('Xeon D-2141I', 'INTEL Xeon D-2141I @ 2.20GHz', '555.00', 12836, 1656, 65, 2019, 'Server', 'INTEL', 'BGA2518'),
('Xeon D-2143IT', 'INTEL Xeon D-2143IT @ 2.20GHz', '566.00', 13816, 1709, 65, 2018, 'Server', 'INTEL', 'BGA2518'),
('Xeon D-2146NT', 'INTEL Xeon D-2146NT @ 2.30GHz', '641.00', 12057, 1636, 80, 2019, 'Server', 'INTEL', 'BGA2518'),
('Xeon D-2166NT', 'INTEL Xeon D-2166NT @ 2.00GHz', '1005.00', 15922, 1652, 85, 2020, 'Server', 'INTEL', 'BGA2518'),
('Xeon D-2183IT', 'INTEL Xeon D-2183IT @ 2.20GHz', '1764.00', 19381, 1630, 100, 2018, 'Server', 'INTEL', 'BGA2518'),
('Xeon D-2187NT', 'INTEL Xeon D-2187NT @ 2.00GHz', '1989.00', 19741, 1663, 110, 2020, 'Server', 'INTEL', 'BGA2518'),
('Xeon E-2104G', 'INTEL Xeon E-2104G @ 3.20GHz', '193.00', 7735, 1928, 65, 2018, 'Server', 'INTEL', 'LGA1151-2'),
('Xeon E-2124', 'INTEL Xeon E-2124 @ 3.30GHz', '209.99', 9363, 2458, 71, 2019, 'Server', 'INTEL', 'LGA1151-2'),
('Xeon E-2124G', 'INTEL Xeon E-2124G @ 3.40GHz', '242.99', 9891, 2590, 71, 2018, 'Server', 'INTEL', 'LGA1151-2'),
('Xeon E-2126G', 'INTEL Xeon E-2126G @ 3.30GHz', '299.99', 13650, 2615, 80, 2018, 'Server', 'INTEL', 'LGA1151-2'),
('Xeon E-2134', 'INTEL Xeon E-2134 @ 3.50GHz', '259.99', 10882, 2602, 71, 2019, 'Server', 'INTEL', 'LGA1151-2'),
('Xeon E-2136', 'INTEL Xeon E-2136 @ 3.30GHz', '299.99', 15640, 2621, 80, 2018, 'Server', 'INTEL', 'LGA1151-2'),
('Xeon E-2144G', 'INTEL Xeon E-2144G @ 3.60GHz', '338.28', 11532, 2631, 71, 2019, 'Server', 'INTEL', 'LGA1151-2'),
('Xeon E-2146G', 'INTEL Xeon E-2146G @ 3.50GHz', '332.99', 15622, 2599, 80, 2018, 'Server', 'INTEL', 'LGA1151-2'),
('Xeon E-2174G', 'INTEL Xeon E-2174G @ 3.80GHz', '394.99', 12302, 2690, 71, 2018, 'Server', 'INTEL', 'LGA1151-2'),
('Xeon E-2176G', 'INTEL Xeon E-2176G @ 3.70GHz', '402.99', 15582, 2692, 80, 2018, 'Server', 'INTEL', 'LGA1151-2'),
('Xeon E-2186G', 'INTEL Xeon E-2186G @ 3.80GHz', '524.99', 15884, 2728, 95, 2018, 'Server', 'INTEL', 'LGA1151-2'),
('Xeon E-2224', 'INTEL Xeon E-2224 @ 3.40GHz', '198.00', 10093, 2645, 71, 2019, 'Server', 'INTEL', 'LGA1151-2'),
('Xeon E-2224G', 'INTEL Xeon E-2224G @ 3.50GHz', '218.00', 9913, 2757, 71, 2019, 'Server', 'INTEL', 'LGA1151-2'),
('Xeon E-2226G', 'INTEL Xeon E-2226G @ 3.40GHz', '260.00', 13244, 2686, 80, 2019, 'Server', 'INTEL', 'LGA1151-2'),
('Xeon E-2236', 'INTEL Xeon E-2236 @ 3.40GHz', '289.00', 15713, 2762, 80, 2019, 'Server', 'INTEL', 'LGA1151-2'),
('Xeon E-2244G', 'INTEL Xeon E-2244G @ 3.80GHz', '272.00', 12782, 2741, 71, 2019, 'Server', 'INTEL', 'LGA1151-2'),
('Xeon E-2246G', 'INTEL Xeon E-2246G @ 3.60GHz', '311.00', 15537, 2720, 80, 2019, 'Server', 'INTEL', 'LGA1151-2'),
('Xeon E-2274G', 'INTEL Xeon E-2274G @ 4.00GHz', '334.00', 12595, 2727, 83, 2019, 'Server', 'INTEL', 'LGA1151-2'),
('Xeon E-2276G', 'INTEL Xeon E-2276G @ 3.80GHz', '362.00', 14946, 2618, 80, 2019, 'Server', 'INTEL', 'LGA1151-2'),
('Xeon E-2278G', 'INTEL Xeon E-2278G @ 3.40GHz', '494.00', 17670, 2934, 80, 2019, 'Server', 'INTEL', 'LGA1151-2'),
('Xeon E-2278GEL', 'INTEL Xeon E-2278GEL @ 2.00GHz', '494.00', 13914, 2355, 35, 2019, 'Server', 'INTEL', 'LGA1151-2'),
('Xeon E-2286G', 'INTEL Xeon E-2286G @ 4.00GHz', '450.00', 16671, 2792, 95, 2019, 'Server', 'INTEL', 'LGA1151-2'),
('Xeon E-2288G', 'INTEL Xeon E-2288G @ 3.70GHz', '539.00', 19665, 2788, 95, 2019, 'Server', 'INTEL', 'LGA1151-2'),
('Xeon E3-1205 v6', 'INTEL Xeon E3-1205 v6 @ 3.00GHz', '193.00', 7360, 1751, 65, 2020, 'Server', 'INTEL', 'LGA1151'),
('Xeon E3-1220', 'INTEL Xeon E3-1220 @ 3.10GHz', '44.00', 6264, 1743, 80, 2011, 'Server', 'INTEL', 'LGA1155'),
('Xeon E3-1220 V2', 'INTEL Xeon E3-1220 V2 @ 3.10GHz', '52.99', 6761, 1831, 69, 2012, 'Server', 'INTEL', 'LGA1155'),
('Xeon E3-1220 v3', 'INTEL Xeon E3-1220 v3 @ 3.10GHz', '133.99', 7166, 1947, 80, 2011, 'Server', 'INTEL', 'LGA1150'),
('Xeon E3-1220 v5', 'INTEL Xeon E3-1220 v5 @ 3.00GHz', '266.46', 7768, 1951, 80, 2016, 'Server', 'INTEL', 'LGA1151'),
('Xeon E3-1220 v6', 'INTEL Xeon E3-1220 v6 @ 3.00GHz', '242.73', 7750, 1781, 72, 2017, 'Server', 'INTEL', 'LGA1151'),
('Xeon E3-1225', 'INTEL Xeon E3-1225 @ 3.10GHz', '57.99', 6108, 1765, 95, 2011, 'Server', 'INTEL', 'LGA1155'),
('Xeon E3-1225 V2', 'INTEL Xeon E3-1225 V2 @ 3.20GHz', '63.99', 6992, 1919, 77, 2012, 'Server', 'INTEL', 'LGA1155'),
('Xeon E3-1225 v3', 'INTEL Xeon E3-1225 v3 @ 3.20GHz', '134.99', 7259, 2014, 84, 2013, 'Server', 'INTEL', 'LGA1150'),
('Xeon E3-1225 v5', 'INTEL Xeon E3-1225 v5 @ 3.30GHz', '404.49', 7842, 1975, 80, 2016, 'Server', 'INTEL', 'LGA1151'),
('Xeon E3-1225 v6', 'INTEL Xeon E3-1225 v6 @ 3.30GHz', '295.41', 7958, 2129, 73, 2017, 'Server', 'INTEL', 'LGA1151'),
('Xeon E3-1226 v3', 'INTEL Xeon E3-1226 v3 @ 3.30GHz', '595.00', 7603, 2102, 84, 2014, 'Server', 'INTEL', 'LGA1150'),
('Xeon E3-1230', 'INTEL Xeon E3-1230 @ 3.20GHz', '91.99', 7852, 1837, 80, 2011, 'Server', 'INTEL', 'LGA1155'),
('Xeon E3-1230 V2', 'INTEL Xeon E3-1230 V2 @ 3.30GHz', '78.00', 8869, 1950, 69, 2012, 'Server', 'INTEL', 'LGA1155'),
('Xeon E3-1230 v3', 'INTEL Xeon E3-1230 v3 @ 3.30GHz', '215.00', 9331, 2095, 80, 2013, 'Server', 'INTEL', 'LGA1150'),
('Xeon E3-1230 v5', 'INTEL Xeon E3-1230 v5 @ 3.40GHz', '341.53', 9774, 2078, 80, 2016, 'Server', 'INTEL', 'LGA1151'),
('Xeon E3-1230 v6', 'INTEL Xeon E3-1230 v6 @ 3.50GHz', '269.99', 9843, 2019, 72, 2017, 'Server', 'INTEL', 'LGA1151'),
('Xeon E3-1230L v3', 'INTEL Xeon E3-1230L v3 @ 1.80GHz', '287.90', 7231, 1588, 25, 2013, 'Server', 'INTEL', 'LGA1150'),
('Xeon E3-1231 v3', 'INTEL Xeon E3-1231 v3 @ 3.40GHz', '509.95', 9630, 2169, 80, 2014, 'Server', 'INTEL', 'LGA1150'),
('Xeon E3-1235', 'INTEL Xeon E3-1235 @ 3.20GHz', '244.00', 7759, 1851, 95, 2011, 'Server', 'INTEL', 'LGA1155'),
('Xeon E3-1240', 'INTEL Xeon E3-1240 @ 3.30GHz', '83.99', 7982, 1857, 80, 2011, 'Server', 'INTEL', 'LGA1155'),
('Xeon E3-1240 V2', 'INTEL Xeon E3-1240 V2 @ 3.40GHz', '105.99', 9159, 2027, 69, 2012, 'Server', 'INTEL', 'LGA1155'),
('Xeon E3-1240 v3', 'INTEL Xeon E3-1240 v3 @ 3.40GHz', '384.40', 9685, 2180, 80, 2013, 'Server', 'INTEL', 'LGA1150'),
('Xeon E3-1240 v5', 'INTEL Xeon E3-1240 v5 @ 3.50GHz', '341.67', 10323, 2194, 80, 2015, 'Server', 'INTEL', 'LGA1151'),
('Xeon E3-1240 v6', 'INTEL Xeon E3-1240 v6 @ 3.70GHz', '326.71', 10487, 2229, 72, 2017, 'Server', 'INTEL', 'LGA1151'),
('Xeon E3-1240L v5', 'INTEL Xeon E3-1240L v5 @ 2.10GHz', '278.00', 7746, 1773, 25, 2017, 'Server', 'INTEL', 'LGA1151'),
('Xeon E3-1241 v3', 'INTEL Xeon E3-1241 v3 @ 3.50GHz', '369.99', 10030, 2257, 80, 2014, 'Server', 'INTEL', 'LGA1150'),
('Xeon E3-1245', 'INTEL Xeon E3-1245 @ 3.30GHz', '91.99', 8030, 1883, 95, 2011, 'Server', 'INTEL', 'LGA1155'),
('Xeon E3-1245 V2', 'INTEL Xeon E3-1245 V2 @ 3.40GHz', '122.99', 9126, 2009, 77, 2012, 'Server', 'INTEL', 'LGA1155'),
('Xeon E3-1245 v3', 'INTEL Xeon E3-1245 v3 @ 3.40GHz', '255.00', 9591, 2175, 84, 2013, 'Server', 'INTEL', 'LGA1150'),
('Xeon E3-1245 v5', 'INTEL Xeon E3-1245 v5 @ 3.50GHz', '345.31', 10171, 2140, 80, 2015, 'Server', 'INTEL', 'LGA1151'),
('Xeon E3-1245 v6', 'INTEL Xeon E3-1245 v6 @ 3.70GHz', '326.99', 10567, 2286, 73, 2017, 'Server', 'INTEL', 'LGA1151'),
('Xeon E3-1246 v3', 'INTEL Xeon E3-1246 v3 @ 3.50GHz', '409.00', 9873, 2245, 84, 2014, 'Server', 'INTEL', 'LGA1150'),
('Xeon E3-1260L', 'INTEL Xeon E3-1260L @ 2.40GHz', '57.31', 6180, 1543, 45, 2011, 'Server', 'INTEL', 'LGA1155'),
('Xeon E3-1260L v5', 'INTEL Xeon E3-1260L v5 @ 2.90GHz', '736.16', 10218, 2163, 45, 2016, 'Server', 'INTEL', 'LGA1151'),
('Xeon E3-1265L', 'INTEL Xeon E3-1265L @ 2.40GHz', '918.35', 5961, 1499, 45, 2015, 'Server', 'INTEL', 'LGA1155'),
('Xeon E3-1265L V2', 'INTEL Xeon E3-1265L V2 @ 2.50GHz', '148.00', 7434, 1667, 45, 2012, 'Server', 'INTEL', 'LGA1155'),
('Xeon E3-1265L v3', 'INTEL Xeon E3-1265L v3 @ 2.50GHz', '709.95', 9185, 2133, 45, 2012, 'Server', 'INTEL', 'LGA1150'),
('Xeon E3-1268L v5', 'INTEL Xeon E3-1268L v5 @ 2.40GHz', '456.54', 8695, 1750, 35, 2018, 'Laptop, Server', 'INTEL', 'LGA1151'),
('Xeon E3-1270', 'INTEL Xeon E3-1270 @ 3.40GHz', '315.00', 8250, 1947, 80, 2011, 'Server', 'INTEL', 'LGA1155'),
('Xeon E3-1270 V2', 'INTEL Xeon E3-1270 V2 @ 3.50GHz', '189.99', 9480, 2090, 69, 2012, 'Server', 'INTEL', 'LGA1155'),
('Xeon E3-1270 v3', 'INTEL Xeon E3-1270 v3 @ 3.50GHz', '159.99', 9922, 2231, 80, 2013, 'Server', 'INTEL', 'LGA1150'),
('Xeon E3-1270 v5', 'INTEL Xeon E3-1270 v5 @ 3.60GHz', '435.90', 10298, 2175, 80, 2015, 'Server', 'INTEL', 'LGA1151'),
('Xeon E3-1270 v6', 'INTEL Xeon E3-1270 v6 @ 3.80GHz', '349.99', 11184, 2313, 72, 2017, 'Server', 'INTEL', 'LGA1151'),
('Xeon E3-1271 v3', 'INTEL Xeon E3-1271 v3 @ 3.60GHz', '888.00', 10122, 2277, 80, 2014, 'Server', 'INTEL', 'LGA1150'),
('Xeon E3-1275', 'INTEL Xeon E3-1275 @ 3.40GHz', '304.00', 8111, 1935, 95, 2011, 'Server', 'INTEL', 'LGA1155'),
('Xeon E3-1275 V2', 'INTEL Xeon E3-1275 V2 @ 3.50GHz', '394.72', 9424, 2079, 77, 2012, 'Server', 'INTEL', 'LGA1155'),
('Xeon E3-1275 v3', 'INTEL Xeon E3-1275 v3 @ 3.50GHz', '400.99', 10055, 2228, 95, 2013, 'Server', 'INTEL', 'LGA1150'),
('Xeon E3-1275 v5', 'INTEL Xeon E3-1275 v5 @ 3.60GHz', '379.52', 10353, 2168, 80, 2015, 'Server', 'INTEL', 'LGA1151'),
('Xeon E3-1275 v6', 'INTEL Xeon E3-1275 v6 @ 3.80GHz', '435.92', 11057, 2364, 73, 2017, 'Server', 'INTEL', 'LGA1151'),
('Xeon E3-1276 v3', 'INTEL Xeon E3-1276 v3 @ 3.60GHz', '1073.00', 10241, 2294, 84, 2014, 'Server', 'INTEL', 'LGA1150'),
('Xeon E3-1280', 'INTEL Xeon E3-1280 @ 3.50GHz', '332.20', 8420, 1978, 95, 2011, 'Server', 'INTEL', 'LGA1155'),
('Xeon E3-1280 V2', 'INTEL Xeon E3-1280 V2 @ 3.60GHz', '360.00', 9465, 2097, 69, 2012, 'Server', 'INTEL', 'LGA1155'),
('Xeon E3-1280 v3', 'INTEL Xeon E3-1280 v3 @ 3.60GHz', '449.00', 9794, 2270, 82, 2013, 'Server', 'INTEL', 'LGA1150'),
('Xeon E3-1280 v5', 'INTEL Xeon E3-1280 v5 @ 3.70GHz', '690.01', 10620, 2198, 80, 2016, 'Server', 'INTEL', 'LGA1151'),
('Xeon E3-1280 v6', 'INTEL Xeon E3-1280 v6 @ 3.90GHz', '436.53', 11041, 2327, 72, 2017, 'Server', 'INTEL', 'LGA1151'),
('Xeon E3-1281 v3', 'INTEL Xeon E3-1281 v3 @ 3.70GHz', '877.75', 10031, 2249, 82, 2015, 'Server', 'INTEL', 'LGA1150'),
('Xeon E3-1285 v6', 'INTEL Xeon E3-1285 v6 @ 4.10GHz', '1008.95', 12016, 2513, 79, 2018, 'Server', 'INTEL', 'LGA1151'),
('Xeon E3-1285L v3', 'INTEL Xeon E3-1285L v3 @ 3.10GHz', '808.02', 9981, 2263, 65, 2014, 'Server', 'INTEL', 'LGA1150'),
('Xeon E3-1286 v3', 'INTEL Xeon E3-1286 v3 @ 3.70GHz', '839.00', 9899, 2248, 84, 2014, 'Server', 'INTEL', 'LGA1150'),
('Xeon E3-1286L v3', 'INTEL Xeon E3-1286L v3 @ 3.20GHz', '774.00', 9495, 2268, 65, 2018, 'Server', 'INTEL', 'LGA1150'),
('Xeon E3-1290', 'INTEL Xeon E3-1290 @ 3.60GHz', '885.00', 8768, 2029, 95, 2011, 'Server', 'INTEL', 'LGA1155'),
('Xeon E3-1290 V2', 'INTEL Xeon E3-1290 V2 @ 3.70GHz', '885.00', 9654, 2154, 87, 2012, 'Server', 'INTEL', 'LGA1155'),
('Xeon E3110', 'INTEL Xeon E3110 @ 3.00GHz', '22.99', 2154, 1266, 65, 2008, 'Server', 'INTEL', 'LGA775'),
('Xeon E3113', 'INTEL Xeon E3113 @ 3.00GHz', '9.79', 2427, 1269, 65, 2014, 'Server', 'INTEL', 'LGA775'),
('Xeon E5-1410', 'INTEL Xeon E5-1410 @ 2.80GHz', '44.99', 7265, 1654, 80, 2012, 'Server', 'INTEL', 'LGA1356'),
('Xeon E5-1428L v2', 'INTEL Xeon E5-1428L v2 @ 2.20GHz', '494.00', 8679, 1350, 60, 2019, 'Server', 'INTEL', 'LGA1356'),
('Xeon E5-1603', 'INTEL Xeon E5-1603 @ 2.80GHz', '19.97', 5578, 1476, 130, 2012, 'Server', 'INTEL', 'LGA2011'),
('Xeon E5-1603 v3', 'INTEL Xeon E5-1603 v3 @ 2.80GHz', '46.99', 6238, 1564, 140, 2015, 'Server', 'INTEL', 'LGA2011-3'),
('Xeon E5-1607', 'INTEL Xeon E5-1607 @ 3.00GHz', '29.00', 5883, 1577, 130, 2012, 'Server', 'INTEL', 'LGA2011'),
('Xeon E5-1607 v2', 'INTEL Xeon E5-1607 v2 @ 3.00GHz', '34.95', 6238, 1607, 130, 2014, 'Server', 'INTEL', 'LGA2011'),
('Xeon E5-1607 v3', 'INTEL Xeon E5-1607 v3 @ 3.10GHz', '59.99', 7039, 1780, 140, 2015, 'Server', 'INTEL', 'LGA2011-3'),
('Xeon E5-1620', 'INTEL Xeon E5-1620 @ 3.60GHz', '53.00', 9072, 1949, 130, 2012, 'Server', 'INTEL', 'LGA2011'),
('Xeon E5-1620 v2', 'INTEL Xeon E5-1620 v2 @ 3.70GHz', '57.00', 9505, 1979, 130, 2013, 'Server', 'INTEL', 'LGA2011'),
('Xeon E5-1620 v3', 'INTEL Xeon E5-1620 v3 @ 3.50GHz', '127.88', 9756, 2046, 140, 2014, 'Server', 'INTEL', 'LGA2011-3'),
('Xeon E5-1620 v4', 'INTEL Xeon E5-1620 v4 @ 3.50GHz', '421.98', 9897, 2067, 140, 2016, 'Server', 'INTEL', 'LGA2011-3'),
('Xeon E5-1630 v3', 'INTEL Xeon E5-1630 v3 @ 3.70GHz', '193.99', 10229, 2181, 140, 2014, 'Server', 'INTEL', 'LGA2011-3'),
('Xeon E5-1650', 'INTEL Xeon E5-1650 @ 3.20GHz', '495.00', 11734, 1939, 130, 2012, 'Server', 'INTEL', 'LGA2011'),
('Xeon E5-1650 v2', 'INTEL Xeon E5-1650 v2 @ 3.50GHz', '131.00', 12759, 2006, 130, 2013, 'Server', 'INTEL', 'LGA2011'),
('Xeon E5-1650 v3', 'INTEL Xeon E5-1650 v3 @ 3.50GHz', '129.99', 13629, 2149, 140, 2014, 'Server', 'INTEL', 'LGA2011-3'),
('Xeon E5-1650 v4', 'INTEL Xeon E5-1650 v4 @ 3.60GHz', '508.00', 14198, 2179, 140, 2016, 'Server', 'INTEL', 'LGA2011-3'),
('Xeon E5-1660', 'INTEL Xeon E5-1660 @ 3.30GHz', '1226.66', 12202, 1975, 130, 2012, 'Server', 'INTEL', 'LGA2011'),
('Xeon E5-1660 v2', 'INTEL Xeon E5-1660 v2 @ 3.70GHz', '281.99', 13919, 2124, 130, 2013, 'Server', 'INTEL', 'LGA2011'),
('Xeon E5-1660 v3', 'INTEL Xeon E5-1660 v3 @ 3.00GHz', '408.95', 14757, 1852, 140, 2014, 'Server', 'INTEL', 'LGA2011-3'),
('Xeon E5-1660 v4', 'INTEL Xeon E5-1660 v4 @ 3.20GHz', '1229.52', 16208, 2033, 140, 2016, 'Server', 'INTEL', 'LGA2011-3'),
('Xeon E5-1680 v3', 'INTEL Xeon E5-1680 v3 @ 3.20GHz', '598.99', 16384, 2114, 140, 2015, 'Server', 'INTEL', 'LGA2011-3'),
('Xeon E5-2403', 'INTEL Xeon E5-2403 @ 1.80GHz', '47.75', 3523, 880, 80, 2012, 'Server', 'INTEL', 'LGA1356'),
('Xeon E5-2403 v2', 'INTEL Xeon E5-2403 v2 @ 1.80GHz', '22.20', 3590, 827, 80, 2015, 'Server', 'INTEL', 'LGA1356');
INSERT INTO `processeur` (`reference`, `libelle`, `prix`, `score_multi`, `score_mono`, `watt`, `annee`, `utilisation`, `fabricant`, `socket`) VALUES
('Xeon E5-2407', 'INTEL Xeon E5-2407 @ 2.20GHz', '79.00', 4188, 958, 80, 2012, 'Server', 'INTEL', 'LGA1356'),
('Xeon E5-2407 v2', 'INTEL Xeon E5-2407 v2 @ 2.40GHz', '359.95', 4810, 1164, 80, 2014, 'Server', 'INTEL', 'LGA1356'),
('Xeon E5-2420', 'INTEL Xeon E5-2420 @ 1.90GHz', '19.41', 7092, 1125, 95, 2012, 'Server', 'INTEL', 'LGA1356'),
('Xeon E5-2420 v2', 'INTEL Xeon E5-2420 v2 @ 2.20GHz', '129.95', 8791, 1378, 80, 2014, 'Server', 'INTEL', 'LGA1356'),
('Xeon E5-2430', 'INTEL Xeon E5-2430 @ 2.20GHz', '304.99', 7669, 1126, 95, 2012, 'Server', 'INTEL', 'LGA1356'),
('Xeon E5-2430 v2', 'INTEL Xeon E5-2430 v2 @ 2.50GHz', '81.99', 9061, 1329, 80, 2014, 'Server', 'INTEL', 'LGA1356'),
('Xeon E5-2430L', 'INTEL Xeon E5-2430L @ 2.00GHz', '32.28', 7834, 1204, 60, 2017, 'Server', 'INTEL', 'LGA1356'),
('Xeon E5-2440', 'INTEL Xeon E5-2440 @ 2.40GHz', '39.99', 9221, 1458, 95, 2014, 'Server', 'INTEL', 'LGA1356'),
('Xeon E5-2440 v2', 'INTEL Xeon E5-2440 v2 @ 1.90GHz', '147.99', 9290, 1114, 95, 2014, 'Server', 'INTEL', 'LGA1356'),
('Xeon E5-2448L v2', 'INTEL Xeon E5-2448L v2 @ 1.80GHz', '1424.00', 8954, 1263, 70, 2018, 'Server', 'INTEL', 'LGA1356'),
('Xeon E5-2450', 'INTEL Xeon E5-2450 @ 2.10GHz', '69.99', 10478, 1399, 95, 2015, 'Server', 'INTEL', 'LGA1356'),
('Xeon E5-2450L', 'INTEL Xeon E5-2450L @ 1.80GHz', '40.00', 8261, 1097, 70, 2015, 'Server', 'INTEL', 'LGA1356'),
('Xeon E5-2470', 'INTEL Xeon E5-2470 @ 2.30GHz', '97.99', 10982, 1556, 95, 2013, 'Server', 'INTEL', 'LGA1356'),
('Xeon E5-2470 v2', 'INTEL Xeon E5-2470 v2 @ 2.40GHz', '309.99', 11983, 1403, 95, 2016, 'Server', 'INTEL', 'LGA1356'),
('Xeon E5-2603', 'INTEL Xeon E5-2603 @ 1.80GHz', '47.85', 3597, 944, 80, 2012, 'Server', 'INTEL', 'LGA2011'),
('Xeon E5-2603 v2', 'INTEL Xeon E5-2603 v2 @ 1.80GHz', '59.99', 3766, 982, 80, 2014, 'Server', 'INTEL', 'LGA2011'),
('Xeon E5-2603 v3', 'INTEL Xeon E5-2603 v3 @ 1.60GHz', '69.00', 5179, 934, 85, 2015, 'Server', 'INTEL', 'LGA2011-3'),
('Xeon E5-2603 v4', 'INTEL Xeon E5-2603 v4 @ 1.70GHz', '224.20', 5524, 956, 85, 2016, 'Server', 'INTEL', 'LGA2011-3'),
('Xeon E5-2608L v3', 'INTEL Xeon E5-2608L v3 @ 2.00GHz', '441.00', 7857, 1203, 52, 2018, 'Server', 'INTEL', 'LGA2011-3'),
('Xeon E5-2609', 'INTEL Xeon E5-2609 @ 2.40GHz', '27.99', 4624, 1223, 80, 2012, 'Server', 'INTEL', 'LGA2011'),
('Xeon E5-2609 v2', 'INTEL Xeon E5-2609 v2 @ 2.50GHz', '193.45', 5179, 1293, 80, 2014, 'Server', 'INTEL', 'LGA2011'),
('Xeon E5-2609 v3', 'INTEL Xeon E5-2609 v3 @ 1.90GHz', '106.03', 5901, 1113, 80, 2014, 'Server', 'INTEL', 'LGA2011-3'),
('Xeon E5-2609 v4', 'INTEL Xeon E5-2609 v4 @ 1.70GHz', '359.73', 6925, 983, 85, 2016, 'Server', 'INTEL', 'LGA2011-3'),
('Xeon E5-2618L v4', 'INTEL Xeon E5-2618L v4 @ 2.20GHz', '779.00', 14238, 1720, 75, 2017, 'Server', 'INTEL', 'LGA2011-3'),
('Xeon E5-2620', 'INTEL Xeon E5-2620 @ 2.00GHz', '17.65', 7901, 1235, 95, 2012, 'Server', 'INTEL', 'LGA2011'),
('Xeon E5-2620 v2', 'INTEL Xeon E5-2620 v2 @ 2.10GHz', '39.00', 8621, 1292, 80, 2013, 'Server', 'INTEL', 'LGA2011'),
('Xeon E5-2620 v3', 'INTEL Xeon E5-2620 v3 @ 2.40GHz', '39.99', 10019, 1708, 85, 2014, 'Server', 'INTEL', 'LGA2011-3'),
('Xeon E5-2620 v4', 'INTEL Xeon E5-2620 v4 @ 2.10GHz', '399.65', 11316, 1530, 85, 2016, 'Server', 'INTEL', 'LGA2011-3'),
('Xeon E5-2623 v3', 'INTEL Xeon E5-2623 v3 @ 3.00GHz', '121.00', 9000, 1930, 105, 2015, 'Server', 'INTEL', 'LGA2011-3'),
('Xeon E5-2623 v4', 'INTEL Xeon E5-2623 v4 @ 2.60GHz', '549.00', 8643, 1578, 85, 2016, 'Server', 'INTEL', 'LGA2011-3'),
('Xeon E5-2628L v4', 'INTEL Xeon E5-2628L v4 @ 1.90GHz', '1364.00', 13101, 1311, 75, 2017, 'Server', 'INTEL', 'LGA2011-3'),
('Xeon E5-2630', 'INTEL Xeon E5-2630 @ 2.30GHz', '39.94', 8909, 1402, 95, 2012, 'Server', 'INTEL', 'LGA2011'),
('Xeon E5-2630 v2', 'INTEL Xeon E5-2630 v2 @ 2.60GHz', '44.99', 10389, 1571, 80, 2013, 'Server', 'INTEL', 'LGA2011'),
('Xeon E5-2630 v3', 'INTEL Xeon E5-2630 v3 @ 2.40GHz', '100.00', 12804, 1740, 85, 2014, 'Server', 'INTEL', 'LGA2011-3'),
('Xeon E5-2630 v4', 'INTEL Xeon E5-2630 v4 @ 2.20GHz', '559.00', 13877, 1605, 85, 2016, 'Server', 'INTEL', 'LGA2011-3'),
('Xeon E5-2630L v2', 'INTEL Xeon E5-2630L v2 @ 2.40GHz', '37.13', 9098, 1360, 60, 2014, 'Server', 'INTEL', 'LGA2011'),
('Xeon E5-2630L v3', 'INTEL Xeon E5-2630L v3 @ 1.80GHz', '479.90', 9666, 1606, 55, 2016, 'Server', 'INTEL', 'LGA2011-3'),
('Xeon E5-2637', 'INTEL Xeon E5-2637 @ 3.00GHz', '885.00', 4508, 1654, 80, 2018, 'Server', 'INTEL', 'LGA2011'),
('Xeon E5-2637 v2', 'INTEL Xeon E5-2637 v2 @ 3.50GHz', '69.99', 9270, 1871, 130, 2014, 'Server', 'INTEL', 'LGA2011'),
('Xeon E5-2637 v3', 'INTEL Xeon E5-2637 v3 @ 3.50GHz', '169.99', 10135, 2134, 135, 2014, 'Server', 'INTEL', 'LGA2011-3'),
('Xeon E5-2637 v4', 'INTEL Xeon E5-2637 v4 @ 3.50GHz', '2208.95', 10512, 2038, 135, 2016, 'Server', 'INTEL', 'LGA2011-3'),
('Xeon E5-2640', 'INTEL Xeon E5-2640 @ 2.50GHz', '38.99', 9415, 1503, 95, 2012, 'Server', 'INTEL', 'LGA2011'),
('Xeon E5-2640 v2', 'INTEL Xeon E5-2640 v2 @ 2.00GHz', '42.77', 10213, 1232, 95, 2014, 'Server', 'INTEL', 'LGA2011'),
('Xeon E5-2640 v3', 'INTEL Xeon E5-2640 v3 @ 2.60GHz', '79.98', 13897, 1885, 90, 2014, 'Server', 'INTEL', 'LGA2011-3'),
('Xeon E5-2640 v4', 'INTEL Xeon E5-2640 v4 @ 2.40GHz', '992.99', 15420, 1857, 90, 2016, 'Server', 'INTEL', 'LGA2011-3'),
('Xeon E5-2643', 'INTEL Xeon E5-2643 @ 3.30GHz', '51.00', 8452, 1812, 130, 2012, 'Server', 'INTEL', 'LGA2011'),
('Xeon E5-2643 v2', 'INTEL Xeon E5-2643 v2 @ 3.50GHz', '119.99', 13210, 1967, 130, 2013, 'Server', 'INTEL', 'LGA2011'),
('Xeon E5-2643 v3', 'INTEL Xeon E5-2643 v3 @ 3.40GHz', '259.99', 13945, 2040, 135, 2015, 'Server', 'INTEL', 'LGA2011-3'),
('Xeon E5-2643 v4', 'INTEL Xeon E5-2643 v4 @ 3.40GHz', '1801.96', 13475, 2018, 135, 2016, 'Server', 'INTEL', 'LGA2011-3'),
('Xeon E5-2648L v2', 'INTEL Xeon E5-2648L v2 @ 1.90GHz', '1479.00', 11381, 1380, 70, 2017, 'Server', 'INTEL', 'LGA2011'),
('Xeon E5-2648L v3', 'INTEL Xeon E5-2648L v3 @ 1.80GHz', '1560.86', 11392, 1362, 75, 2016, 'Server', 'INTEL', 'LGA2011-3'),
('Xeon E5-2650', 'INTEL Xeon E5-2650 @ 2.00GHz', '54.98', 10257, 1344, 95, 2012, 'Server', 'INTEL', 'LGA2011'),
('Xeon E5-2650 v2', 'INTEL Xeon E5-2650 v2 @ 2.60GHz', '87.59', 13240, 1719, 95, 2013, 'Server', 'INTEL', 'LGA2011'),
('Xeon E5-2650 v3', 'INTEL Xeon E5-2650 v3 @ 2.30GHz', '99.99', 14880, 1684, 105, 2014, 'Server', 'INTEL', 'LGA2011-3'),
('Xeon E5-2650 v4', 'INTEL Xeon E5-2650 v4 @ 2.20GHz', '1009.00', 15587, 1523, 105, 2016, 'Server', 'INTEL', 'LGA2011-3'),
('Xeon E5-2650L', 'INTEL Xeon E5-2650L @ 1.80GHz', '75.00', 8483, 1198, 70, 2012, 'Server', 'INTEL', 'LGA2011'),
('Xeon E5-2650L v2', 'INTEL Xeon E5-2650L v2 @ 1.70GHz', '73.05', 9880, 1126, 70, 2017, 'Server', 'INTEL', 'LGA2011'),
('Xeon E5-2650L v3', 'INTEL Xeon E5-2650L v3 @ 1.80GHz', '232.22', 13341, 1379, 65, 2015, 'Server', 'INTEL', 'LGA2011-3'),
('Xeon E5-2650L v4', 'INTEL Xeon E5-2650L v4 @ 1.70GHz', '539.99', 14093, 1410, 65, 2017, 'Server', 'INTEL', 'LGA2011-3'),
('Xeon E5-2658', 'INTEL Xeon E5-2658 @ 2.10GHz', '1462.00', 9632, 1253, 95, 2012, 'Server', 'INTEL', 'LGA2011'),
('Xeon E5-2658 v2', 'INTEL Xeon E5-2658 v2 @ 2.40GHz', '179.99', 13667, 1502, 95, 2013, 'Server', 'INTEL', 'LGA2011'),
('Xeon E5-2660', 'INTEL Xeon E5-2660 @ 2.20GHz', '101.18', 11265, 1471, 95, 2012, 'Server', 'INTEL', 'LGA2011'),
('Xeon E5-2660 v2', 'INTEL Xeon E5-2660 v2 @ 2.20GHz', '139.00', 13171, 1509, 95, 2014, 'Server', 'INTEL', 'LGA2011'),
('Xeon E5-2660 v3', 'INTEL Xeon E5-2660 v3 @ 2.60GHz', '284.62', 16815, 1890, 105, 2014, 'Server', 'INTEL', 'LGA2011-3'),
('Xeon E5-2660 v4', 'INTEL Xeon E5-2660 v4 @ 2.00GHz', '1428.29', 16880, 1588, 105, 2016, 'Server', 'INTEL', 'LGA2011-3'),
('Xeon E5-2665', 'INTEL Xeon E5-2665 @ 2.40GHz', '82.99', 11757, 1540, 115, 2012, 'Server', 'INTEL', 'LGA2011'),
('Xeon E5-2667', 'INTEL Xeon E5-2667 @ 2.90GHz', '62.98', 10677, 1709, 130, 2012, 'Server', 'INTEL', 'LGA2011'),
('Xeon E5-2667 v2', 'INTEL Xeon E5-2667 v2 @ 3.30GHz', '189.99', 16041, 2011, 130, 2014, 'Server', 'INTEL', 'LGA2011'),
('Xeon E5-2667 v3', 'INTEL Xeon E5-2667 v3 @ 3.20GHz', '329.99', 16001, 2069, 135, 2014, 'Server', 'INTEL', 'LGA2011-3'),
('Xeon E5-2667 v4', 'INTEL Xeon E5-2667 v4 @ 3.20GHz', '2459.95', 16631, 2002, 135, 2016, 'Server', 'INTEL', 'LGA2011-3'),
('Xeon E5-2670', 'INTEL Xeon E5-2670 @ 2.60GHz', '132.31', 12377, 1651, 115, 2012, 'Server', 'INTEL', 'LGA2011'),
('Xeon E5-2670 v2', 'INTEL Xeon E5-2670 v2 @ 2.50GHz', '154.99', 15026, 1620, 115, 2014, 'Server', 'INTEL', 'LGA2011'),
('Xeon E5-2670 v3', 'INTEL Xeon E5-2670 v3 @ 2.30GHz', '154.99', 16808, 1722, 120, 2014, 'Server', 'INTEL', 'LGA2011-3'),
('Xeon E5-2673 v3', 'INTEL Xeon E5-2673 v3 @ 2.40GHz', '700.00', 16412, 1685, 110, 2015, 'Server', 'INTEL', 'LGA2011-3'),
('Xeon E5-2679 v4', 'INTEL Xeon E5-2679 v4 @ 2.50GHz', '2702.00', 25266, 1854, 200, 2016, 'Server', 'INTEL', 'LGA2011-3'),
('Xeon E5-2680', 'INTEL Xeon E5-2680 @ 2.70GHz', '76.58', 12879, 1751, 130, 2012, 'Server', 'INTEL', 'LGA2011'),
('Xeon E5-2680 v2', 'INTEL Xeon E5-2680 v2 @ 2.80GHz', '175.00', 15885, 1820, 115, 2013, 'Server', 'INTEL', 'LGA2011'),
('Xeon E5-2680 v3', 'INTEL Xeon E5-2680 v3 @ 2.50GHz', '189.99', 18471, 1862, 120, 2014, 'Server', 'INTEL', 'LGA2011-3'),
('Xeon E5-2680 v4', 'INTEL Xeon E5-2680 v4 @ 2.40GHz', '1509.00', 19709, 1777, 120, 2016, 'Server', 'INTEL', 'LGA2011-3'),
('Xeon E5-2683 v3', 'INTEL Xeon E5-2683 v3 @ 2.00GHz', '408.00', 17346, 1657, 120, 2015, 'Server', 'INTEL', 'LGA2011-3'),
('Xeon E5-2683 v4', 'INTEL Xeon E5-2683 v4 @ 2.10GHz', '460.00', 18863, 1502, 120, 2016, 'Server', 'INTEL', 'LGA2011-3'),
('Xeon E5-2687W', 'INTEL Xeon E5-2687W @ 3.10GHz', '213.99', 14323, 1887, 150, 2012, 'Server', 'INTEL', 'LGA2011'),
('Xeon E5-2687W v2', 'INTEL Xeon E5-2687W v2 @ 3.40GHz', '335.00', 16255, 2029, 150, 2013, 'Server', 'INTEL', 'LGA2011'),
('Xeon E5-2687W v3', 'INTEL Xeon E5-2687W v3 @ 3.10GHz', '608.99', 17781, 1954, 160, 2014, 'Server', 'INTEL', 'LGA2011-3'),
('Xeon E5-2687W v4', 'INTEL Xeon E5-2687W v4 @ 3.00GHz', '2174.99', 19899, 1896, 160, 2016, 'Server', 'INTEL', 'LGA2011-3'),
('Xeon E5-2690', 'INTEL Xeon E5-2690 @ 2.90GHz', '84.51', 13739, 1864, 135, 2012, 'Server', 'INTEL', 'LGA2011'),
('Xeon E5-2690 v2', 'INTEL Xeon E5-2690 v2 @ 3.00GHz', '215.93', 16367, 1826, 130, 2013, 'Server', 'INTEL', 'LGA2011'),
('Xeon E5-2690 v3', 'INTEL Xeon E5-2690 v3 @ 2.60GHz', '225.00', 18881, 1986, 135, 2014, 'Server', 'INTEL', 'LGA2011-3'),
('Xeon E5-2690 v4', 'INTEL Xeon E5-2690 v4 @ 2.60GHz', '2169.99', 21167, 1911, 135, 2016, 'Server', 'INTEL', 'LGA2011-3'),
('Xeon E5-2695 v2', 'INTEL Xeon E5-2695 v2 @ 2.40GHz', '258.99', 16041, 1619, 115, 2013, 'Server', 'INTEL', 'LGA2011'),
('Xeon E5-2695 v3', 'INTEL Xeon E5-2695 v3 @ 2.30GHz', '489.00', 19710, 1885, 120, 2014, 'Server', 'INTEL', 'LGA2011-3'),
('Xeon E5-2695 v4', 'INTEL Xeon E5-2695 v4 @ 2.10GHz', '5808.00', 20258, 1628, 120, 2016, 'Server', 'INTEL', 'LGA2011-3'),
('Xeon E5-2696 v3', 'INTEL Xeon E5-2696 v3 @ 2.30GHz', '2498.00', 22096, 1916, 0, 2015, 'Server', 'INTEL', 'LGA2011-3'),
('Xeon E5-2696 v4', 'INTEL Xeon E5-2696 v4 @ 2.20GHz', '3009.95', 21226, 1680, 145, 2016, 'Server', 'INTEL', 'LGA2011-3'),
('Xeon E5-2697 v2', 'INTEL Xeon E5-2697 v2 @ 2.70GHz', '276.99', 17189, 1740, 130, 2013, 'Server', 'INTEL', 'LGA2011'),
('Xeon E5-2697 v3', 'INTEL Xeon E5-2697 v3 @ 2.60GHz', '609.99', 21386, 1998, 145, 2014, 'Server', 'INTEL', 'LGA2011-3'),
('Xeon E5-2697 v4', 'INTEL Xeon E5-2697 v4 @ 2.30GHz', '2798.95', 21435, 1749, 145, 2016, 'Server', 'INTEL', 'LGA2011-3'),
('Xeon E5-2698 v3', 'INTEL Xeon E5-2698 v3 @ 2.30GHz', '739.00', 21042, 1845, 135, 2014, 'Server', 'INTEL', 'LGA2011-3'),
('Xeon E5-2698 v4', 'INTEL Xeon E5-2698 v4 @ 2.20GHz', '3629.59', 21836, 1587, 135, 2016, 'Server', 'INTEL', 'LGA2011-3'),
('Xeon E5-2699 v3', 'INTEL Xeon E5-2699 v3 @ 2.30GHz', '1208.99', 22340, 1821, 145, 2014, 'Server', 'INTEL', 'LGA2011-3'),
('Xeon E5-2699 v4', 'INTEL Xeon E5-2699 v4 @ 2.20GHz', '5929.90', 23435, 1780, 145, 2016, 'Server', 'INTEL', 'LGA2011-3'),
('Xeon E5-2699A v4', 'INTEL Xeon E5-2699A v4 @ 2.40GHz', '4938.00', 22948, 1595, 145, 2019, 'Server', 'INTEL', 'LGA2011-3'),
('Xeon E5-4603', 'INTEL Xeon E5-4603 @ 2.00GHz', '96.04', 5014, 1062, 95, 2014, 'Server', 'INTEL', 'LGA2011'),
('Xeon E5-4610', 'INTEL Xeon E5-4610 @ 2.40GHz', '1223.00', 9552, 1561, 95, 2018, 'Server', 'INTEL', 'LGA2011'),
('Xeon E5-4610 v3', 'INTEL Xeon E5-4610 v3 @ 1.70GHz', '1219.00', 8853, 1021, 105, 2019, 'Server', 'INTEL', 'LGA2011-3'),
('Xeon E5-4617', 'INTEL Xeon E5-4617 @ 2.90GHz', '89.90', 9313, 1730, 130, 2014, 'Server', 'INTEL', 'LGA2011'),
('Xeon E5-4620', 'INTEL Xeon E5-4620 @ 2.20GHz', '134.21', 9248, 1265, 95, 2015, 'Server', 'INTEL', 'LGA2011'),
('Xeon E5-4627 v2', 'INTEL Xeon E5-4627 v2 @ 3.30GHz', '508.95', 12548, 1865, 130, 2015, 'Server', 'INTEL', 'LGA2011'),
('Xeon E5-4627 v3', 'INTEL Xeon E5-4627 v3 @ 2.60GHz', '2400.00', 14615, 1807, 135, 2016, 'Server', 'INTEL', 'LGA2011-3'),
('Xeon E5-4627 v4', 'INTEL Xeon E5-4627 v4 @ 2.60GHz', '2225.00', 15536, 1867, 135, 2017, 'Server', 'INTEL', 'LGA2011-3'),
('Xeon E5-4640', 'INTEL Xeon E5-4640 @ 2.40GHz', '2730.00', 10807, 1461, 95, 2012, 'Server', 'INTEL', 'LGA2011'),
('Xeon E5-4650', 'INTEL Xeon E5-4650 @ 2.70GHz', '69.99', 11685, 1611, 130, 2012, 'Server', 'INTEL', 'LGA2011'),
('Xeon E5-4650L', 'INTEL Xeon E5-4650L @ 2.60GHz', '73.98', 12145, 1572, 115, 2017, 'Server', 'INTEL', 'LGA2011'),
('Xeon E5-4655 v3', 'INTEL Xeon E5-4655 v3 @ 2.90GHz', '4616.00', 12292, 1823, 135, 2018, 'Server', 'INTEL', 'LGA2011-3'),
('Xeon E5-4657L v2', 'INTEL Xeon E5-4657L v2 @ 2.40GHz', '1399.00', 15531, 1516, 115, 2015, 'Server', 'INTEL', 'LGA2011'),
('Xeon E5-4660 v3', 'INTEL Xeon E5-4660 v3 @ 2.10GHz', '4800.00', 15849, 1670, 120, 2017, 'Server', 'INTEL', 'LGA2011-3'),
('Xeon E5-4667 v3', 'INTEL Xeon E5-4667 v3 @ 2.00GHz', '5729.00', 16388, 1359, 135, 2018, 'Server', 'INTEL', 'LGA2011-3'),
('Xeon E5-4669 v3', 'INTEL Xeon E5-4669 v3 @ 2.10GHz', '5400.00', 19615, 1659, 135, 2015, 'Server', 'INTEL', 'LGA2011-3'),
('Xeon E5205', 'INTEL Xeon E5205 @ 1.86GHz', '14.27', 1401, 755, 65, 2012, 'Server', 'INTEL', 'LGA771'),
('Xeon E5240', 'INTEL Xeon E5240 @ 3.00GHz', '88.78', 2424, 1276, 65, 2009, 'Server', 'INTEL', 'LGA771'),
('Xeon E5310', 'INTEL Xeon E5310 @ 1.60GHz', '49.00', 2214, 632, 80, 2009, 'Server', 'INTEL', 'LGA771'),
('Xeon E5320', 'INTEL Xeon E5320 @ 1.86GHz', '38.75', 2288, 722, 80, 2009, 'Server', 'INTEL', 'LGA771'),
('Xeon E5335', 'INTEL Xeon E5335 @ 2.00GHz', '17.77', 2513, 784, 80, 2009, 'Server', 'INTEL', 'LGA771'),
('Xeon E5345', 'INTEL Xeon E5345 @ 2.33GHz', '39.99', 2886, 911, 80, 2008, 'Server', 'INTEL', 'LGA771'),
('Xeon E5405', 'INTEL Xeon E5405 @ 2.00GHz', '39.95', 2835, 860, 80, 2009, 'Server', 'INTEL', 'LGA771'),
('Xeon E5410', 'INTEL Xeon E5410 @ 2.33GHz', '208.95', 3261, 997, 80, 2009, 'Server', 'INTEL', 'LGA771'),
('Xeon E5420', 'INTEL Xeon E5420 @ 2.50GHz', '62.95', 3475, 1064, 80, 2009, 'Server', 'INTEL', 'LGA771'),
('Xeon E5430', 'INTEL Xeon E5430 @ 2.66GHz', '154.95', 3746, 1131, 80, 2009, 'Server', 'INTEL', 'LGA771'),
('Xeon E5440', 'INTEL Xeon E5440 @ 2.83GHz', '99.00', 3953, 1205, 80, 2009, 'Server', 'INTEL', 'LGA771'),
('Xeon E5450', 'INTEL Xeon E5450 @ 3.00GHz', '298.94', 4179, 1265, 80, 2009, 'Server', 'INTEL', 'LGA771'),
('Xeon E5462', 'INTEL Xeon E5462 @ 2.80GHz', '27.30', 3872, 1166, 80, 2009, 'Server', 'INTEL', 'LGA771'),
('Xeon E5472', 'INTEL Xeon E5472 @ 3.00GHz', '30.04', 4083, 1239, 80, 2009, 'Server', 'INTEL', 'LGA771'),
('Xeon E5502', 'INTEL Xeon E5502 @ 1.87GHz', '95.00', 1378, 779, 80, 2009, 'Server', 'INTEL', 'LGA1366'),
('Xeon E5503', 'INTEL Xeon E5503 @ 2.00GHz', '287.01', 1381, 811, 80, 2010, 'Server', 'INTEL', 'LGA1366'),
('Xeon E5504', 'INTEL Xeon E5504 @ 2.00GHz', '69.95', 2668, 819, 80, 2009, 'Server', 'INTEL', 'LGA1366'),
('Xeon E5506', 'INTEL Xeon E5506 @ 2.13GHz', '63.01', 2975, 894, 80, 2009, 'Server', 'INTEL', 'LGA1366'),
('Xeon E5507', 'INTEL Xeon E5507 @ 2.27GHz', '456.91', 3125, 955, 80, 2010, 'Server', 'INTEL', 'LGA1366'),
('Xeon E5520', 'INTEL Xeon E5520 @ 2.27GHz', '48.51', 4373, 1028, 80, 2009, 'Server', 'INTEL', 'LGA1366'),
('Xeon E5530', 'INTEL Xeon E5530 @ 2.40GHz', '13.00', 4494, 1094, 80, 2009, 'Server', 'INTEL', 'LGA1366'),
('Xeon E5540', 'INTEL Xeon E5540 @ 2.53GHz', '59.00', 4756, 1145, 80, 2009, 'Server', 'INTEL', 'LGA1366'),
('Xeon E5603', 'INTEL Xeon E5603 @ 1.60GHz', '129.04', 2364, 676, 80, 2011, 'Server', 'INTEL', 'LGA1366'),
('Xeon E5606', 'INTEL Xeon E5606 @ 2.13GHz', '71.20', 3058, 870, 80, 2011, 'Server', 'INTEL', 'LGA1366'),
('Xeon E5607', 'INTEL Xeon E5607 @ 2.27GHz', '69.21', 3371, 951, 80, 2011, 'Server', 'INTEL', 'LGA1366'),
('Xeon E5620', 'INTEL Xeon E5620 @ 2.40GHz', '58.99', 4769, 1066, 80, 2010, 'Server', 'INTEL', 'LGA1366'),
('Xeon E5630', 'INTEL Xeon E5630 @ 2.53GHz', '35.00', 5055, 1139, 80, 2010, 'Server', 'INTEL', 'LGA1366'),
('Xeon E5640', 'INTEL Xeon E5640 @ 2.67GHz', '67.60', 5250, 1159, 80, 2010, 'Server', 'INTEL', 'LGA1366'),
('Xeon E5645', 'INTEL Xeon E5645 @ 2.40GHz', '81.31', 6415, 1091, 80, 2011, 'Server', 'INTEL', 'LGA1366'),
('Xeon E5649', 'INTEL Xeon E5649 @ 2.53GHz', '104.07', 6836, 1180, 80, 2011, 'Server', 'INTEL', 'LGA1366'),
('Xeon E7- 2830', 'INTEL Xeon E7- 2830 @ 2.13GHz', '1779.00', 3118, 859, 105, 2018, 'Server', 'INTEL', 'LGA1567'),
('Xeon Gold 5118', 'INTEL Xeon Gold 5118 @ 2.30GHz', '1099.00', 16435, 1728, 105, 2017, 'Server', 'INTEL', 'LGA3647'),
('Xeon Gold 5120', 'INTEL Xeon Gold 5120 @ 2.20GHz', '1561.00', 17625, 1792, 105, 2017, 'Server', 'INTEL', 'LGA3647'),
('Xeon Gold 5120T', 'INTEL Xeon Gold 5120T @ 2.20GHz', '1727.00', 18145, 1722, 105, 2018, 'Server', 'INTEL', 'LGA3647'),
('Xeon Gold 5122', 'INTEL Xeon Gold 5122 @ 3.60GHz', '1269.99', 10923, 2033, 105, 2017, 'Server', 'INTEL', 'LGA3647'),
('Xeon Gold 5218', 'INTEL Xeon Gold 5218 @ 2.30GHz', '1299.21', 20622, 1764, 125, 2019, 'Server', 'INTEL', 'LGA3647'),
('Xeon Gold 6126', 'INTEL Xeon Gold 6126 @ 2.60GHz', '1889.97', 20264, 1904, 125, 2018, 'Server', 'INTEL', 'LGA3647'),
('Xeon Gold 6128', 'INTEL Xeon Gold 6128 @ 3.40GHz', '1719.99', 14961, 2115, 115, 2017, 'Server', 'INTEL', 'LGA3647'),
('Xeon Gold 6130', 'INTEL Xeon Gold 6130 @ 2.10GHz', '1880.45', 19643, 1754, 125, 2017, 'Server', 'INTEL', 'LGA3647'),
('Xeon Gold 6132', 'INTEL Xeon Gold 6132 @ 2.60GHz', '2199.90', 23907, 2117, 140, 2018, 'Server', 'INTEL', 'LGA3647'),
('Xeon Gold 6134', 'INTEL Xeon Gold 6134 @ 3.20GHz', '2269.95', 18206, 2127, 130, 2017, 'Server', 'INTEL', 'LGA3647'),
('Xeon Gold 6136', 'INTEL Xeon Gold 6136 @ 3.00GHz', '2654.82', 21034, 2046, 150, 2017, 'Server', 'INTEL', 'LGA3647'),
('Xeon Gold 6138', 'INTEL Xeon Gold 6138 @ 2.00GHz', '2679.99', 25421, 2098, 125, 2017, 'Server', 'INTEL', 'LGA3647'),
('Xeon Gold 6140', 'INTEL Xeon Gold 6140 @ 2.30GHz', '2863.75', 23964, 1735, 140, 2017, 'Server', 'INTEL', 'LGA3647'),
('Xeon Gold 6144', 'INTEL Xeon Gold 6144 @ 3.50GHz', '3308.95', 19667, 2380, 150, 2017, 'Server', 'INTEL', 'LGA3647'),
('Xeon Gold 6146', 'INTEL Xeon Gold 6146 @ 3.20GHz', '4608.95', 24261, 2368, 165, 2018, 'Server', 'INTEL', 'LGA3647'),
('Xeon Gold 6148', 'INTEL Xeon Gold 6148 @ 2.40GHz', '3217.99', 25817, 1962, 150, 2018, 'Server', 'INTEL', 'LGA3647'),
('Xeon Gold 6152', 'INTEL Xeon Gold 6152 @ 2.10GHz', '3799.99', 23498, 2033, 140, 2018, 'Server', 'INTEL', 'LGA3647'),
('Xeon Gold 6154', 'INTEL Xeon Gold 6154 @ 3.00GHz', '3659.82', 27722, 2122, 200, 2017, 'Server', 'INTEL', 'LGA3647'),
('Xeon Gold 6210U', 'INTEL Xeon Gold 6210U @ 2.50GHz', '2059.86', 28560, 2207, 150, 2019, 'Server', 'INTEL', 'LGA3647'),
('Xeon Gold 6212U', 'INTEL Xeon Gold 6212U @ 2.40GHz', '2000.00', 28917, 1936, 165, 2019, 'Server', 'INTEL', 'LGA3647'),
('Xeon Gold 6230', 'INTEL Xeon Gold 6230 @ 2.10GHz', '1952.00', 24559, 2102, 125, 2019, 'Server', 'INTEL', 'LGA3647'),
('Xeon Gold 6242', 'INTEL Xeon Gold 6242 @ 2.80GHz', '2723.99', 25313, 2001, 150, 2019, 'Server', 'INTEL', 'LGA3647'),
('Xeon Gold 6246', 'INTEL Xeon Gold 6246 @ 3.30GHz', '3609.00', 25734, 2357, 165, 2019, 'Server', 'INTEL', 'LGA3647'),
('Xeon Gold 6254', 'INTEL Xeon Gold 6254 @ 3.10GHz', '3630.00', 30018, 2277, 200, 2019, 'Server', 'INTEL', 'LGA3647'),
('Xeon L3360', 'INTEL Xeon L3360 @ 2.83GHz', '89.23', 3764, 1210, 65, 2012, 'Server', 'INTEL', 'LGA775'),
('Xeon L3406', 'INTEL Xeon L3406 @ 2.27GHz', '277.01', 1338, 601, 30, 2010, 'Server', 'INTEL', 'LGA1156'),
('Xeon L3426', 'INTEL Xeon L3426 @ 1.87GHz', '447.01', 3943, 1111, 45, 2010, 'Server', 'INTEL', 'LGA1156'),
('Xeon L5240', 'INTEL Xeon L5240 @ 3.00GHz', '31.40', 2271, 1286, 40, 2009, 'Server', 'INTEL', 'LGA771'),
('Xeon L5310', 'INTEL Xeon L5310 @ 1.60GHz', '112.50', 2274, 640, 50, 2016, 'Server', 'INTEL', 'LGA771'),
('Xeon L5320', 'INTEL Xeon L5320 @ 1.86GHz', '69.99', 2135, 580, 50, 2011, 'Server', 'INTEL', 'LGA771'),
('Xeon L5335', 'INTEL Xeon L5335 @ 2.00GHz', '18.79', 2756, 799, 50, 2007, 'Server', 'INTEL', 'LGA771'),
('Xeon L5410', 'INTEL Xeon L5410 @ 2.33GHz', '100.08', 3358, 1016, 50, 2009, 'Server', 'INTEL', 'LGA771'),
('Xeon L5420', 'INTEL Xeon L5420 @ 2.50GHz', '27.50', 3492, 1046, 50, 2009, 'Server', 'INTEL', 'LGA771'),
('Xeon L5430', 'INTEL Xeon L5430 @ 2.66GHz', '157.95', 3721, 1115, 50, 2014, 'Server', 'INTEL', 'LGA771'),
('Xeon L5506', 'INTEL Xeon L5506 @ 2.13GHz', '224.00', 3715, 0, 60, 2011, 'Server', 'INTEL', 'LGA1366'),
('Xeon L5520', 'INTEL Xeon L5520 @ 2.27GHz', '89.95', 4324, 1043, 60, 2010, 'Server', 'INTEL', 'LGA1366'),
('Xeon L5530', 'INTEL Xeon L5530 @ 2.40GHz', '19.26', 4389, 1079, 60, 2011, 'Server', 'INTEL', 'LGA1366'),
('Xeon L5630', 'INTEL Xeon L5630 @ 2.13GHz', '20.99', 4338, 935, 40, 2010, 'Server', 'INTEL', 'LGA1366'),
('Xeon L5638', 'INTEL Xeon L5638 @ 2.00GHz', '69.90', 5590, 951, 60, 2011, 'Server', 'INTEL', 'LGA1366'),
('Xeon L5640', 'INTEL Xeon L5640 @ 2.27GHz', '83.36', 6236, 1100, 60, 2010, 'Server', 'INTEL', 'LGA1366'),
('Xeon Platinum 8160', 'INTEL Xeon Platinum 8160 @ 2.10GHz', '4489.00', 24241, 2000, 150, 2017, 'Server', 'INTEL', 'LGA3647'),
('Xeon Platinum 8168', 'INTEL Xeon Platinum 8168 @ 2.70GHz', '5890.00', 29131, 2073, 205, 2017, 'Server', 'INTEL', 'LGA3647'),
('Xeon Platinum 8176', 'INTEL Xeon Platinum 8176 @ 2.10GHz', '8725.00', 24434, 1932, 165, 2019, 'Server', 'INTEL', 'LGA3647'),
('Xeon Platinum 8268', 'INTEL Xeon Platinum 8268 @ 2.90GHz', '6005.98', 31689, 2084, 205, 2019, 'Server', 'INTEL', 'LGA3647'),
('Xeon Silver 4108', 'INTEL Xeon Silver 4108 @ 1.80GHz', '439.99', 10671, 1453, 85, 2018, 'Server', 'INTEL', 'LGA3647'),
('Xeon Silver 4109T', 'INTEL Xeon Silver 4109T @ 2.00GHz', '501.00', 10908, 1363, 70, 2018, 'Server', 'INTEL', 'LGA3647'),
('Xeon Silver 4110', 'INTEL Xeon Silver 4110 @ 2.10GHz', '416.00', 11700, 1550, 85, 2017, 'Server', 'INTEL', 'LGA3647'),
('Xeon Silver 4112', 'INTEL Xeon Silver 4112 @ 2.60GHz', '502.99', 8519, 1678, 85, 2018, 'Server', 'INTEL', 'LGA3647'),
('Xeon Silver 4114', 'INTEL Xeon Silver 4114 @ 2.20GHz', '731.99', 14333, 1610, 85, 2017, 'Server', 'INTEL', 'LGA3647'),
('Xeon Silver 4116', 'INTEL Xeon Silver 4116 @ 2.10GHz', '934.99', 15509, 1576, 85, 2018, 'Server', 'INTEL', 'LGA3647'),
('Xeon Silver 4208', 'INTEL Xeon Silver 4208 @ 2.10GHz', '452.75', 13116, 1680, 85, 2019, 'Server', 'INTEL', 'LGA3647'),
('Xeon Silver 4210', 'INTEL Xeon Silver 4210 @ 2.20GHz', '555.00', 15898, 1727, 85, 2019, 'Server', 'INTEL', 'LGA3647'),
('Xeon Silver 4214', 'INTEL Xeon Silver 4214 @ 2.20GHz', '803.59', 17532, 1747, 85, 2019, 'Server', 'INTEL', 'LGA3647'),
('Xeon Silver 4215', 'INTEL Xeon Silver 4215 @ 2.50GHz', '956.57', 15200, 1981, 85, 2019, 'Server', 'INTEL', 'LGA3647'),
('Xeon Silver 4216', 'INTEL Xeon Silver 4216 @ 2.10GHz', '1108.95', 19538, 1603, 100, 2019, 'Server', 'INTEL', 'LGA3647'),
('Xeon W-2102', 'INTEL Xeon W-2102 @ 2.90GHz', '286.99', 6977, 1621, 120, 2018, 'Server', 'INTEL', 'LGA2066'),
('Xeon W-2104', 'INTEL Xeon W-2104 @ 3.20GHz', '255.00', 7418, 1750, 120, 2018, 'Server', 'INTEL', 'LGA2066'),
('Xeon W-2123', 'INTEL Xeon W-2123 @ 3.60GHz', '330.44', 10655, 2144, 120, 2017, 'Server', 'INTEL', 'LGA2066'),
('Xeon W-2125', 'INTEL Xeon W-2125 @ 4.00GHz', '809.95', 12309, 2506, 120, 2017, 'Server', 'INTEL', 'LGA2066'),
('Xeon W-2133', 'INTEL Xeon W-2133 @ 3.60GHz', '617.00', 14401, 2182, 140, 2017, 'Server', 'INTEL', 'LGA2066'),
('Xeon W-2135', 'INTEL Xeon W-2135 @ 3.70GHz', '1002.80', 16305, 2532, 140, 2017, 'Server', 'INTEL', 'LGA2066'),
('Xeon W-2145', 'INTEL Xeon W-2145 @ 3.70GHz', '1211.28', 19607, 2517, 140, 2017, 'Server', 'INTEL', 'LGA2066'),
('Xeon W-2155', 'INTEL Xeon W-2155 @ 3.30GHz', '1530.39', 21774, 2458, 140, 2018, 'Server', 'INTEL', 'LGA2066'),
('Xeon W-2175', 'INTEL Xeon W-2175 @ 2.50GHz', '2073.34', 24589, 2369, 140, 2019, 'Server', 'INTEL', 'LGA2066'),
('Xeon W-2195', 'INTEL Xeon W-2195 @ 2.30GHz', '2695.86', 24481, 2218, 140, 2017, 'Server', 'INTEL', 'LGA2066'),
('Xeon W-3175X', 'INTEL Xeon W-3175X @ 3.10GHz', '3083.44', 33538, 2006, 255, 2019, 'Server', 'INTEL', 'LGA3647'),
('Xeon W-3235', 'INTEL Xeon W-3235 @ 3.30GHz', '1635.77', 24854, 2360, 180, 2019, 'Server', 'INTEL', 'LGA3647'),
('Xeon W-3265', 'INTEL Xeon W-3265 @ 2.70GHz', '4551.37', 32235, 2342, 205, 2019, 'Server', 'INTEL', 'LGA3647'),
('Xeon W-3275M', 'INTEL Xeon W-3275M @ 2.50GHz', '7453.00', 34638, 2488, 205, 2020, 'Server', 'INTEL', 'LGA3647'),
('Xeon W3503', 'INTEL Xeon W3503 @ 2.40GHz', '9.99', 1758, 998, 130, 2009, 'Server', 'INTEL', 'LGA1366'),
('Xeon W3505', 'INTEL Xeon W3505 @ 2.53GHz', '24.86', 1842, 1051, 130, 2009, 'Server', 'INTEL', 'LGA1366'),
('Xeon W3520', 'INTEL Xeon W3520 @ 2.67GHz', '48.00', 4937, 1203, 130, 2009, 'Server', 'INTEL', 'LGA1366'),
('Xeon W3530', 'INTEL Xeon W3530 @ 2.80GHz', '293.95', 5212, 1268, 130, 2010, 'Server', 'INTEL', 'LGA1366'),
('Xeon W3540', 'INTEL Xeon W3540 @ 2.93GHz', '19.92', 5395, 1307, 130, 2009, 'Server', 'INTEL', 'LGA1366'),
('Xeon W3550', 'INTEL Xeon W3550 @ 3.07GHz', '29.99', 5561, 1371, 130, 2009, 'Server', 'INTEL', 'LGA1366'),
('Xeon W3565', 'INTEL Xeon W3565 @ 3.20GHz', '69.95', 5767, 1426, 130, 2009, 'Server', 'INTEL', 'LGA1366'),
('Xeon W3570', 'INTEL Xeon W3570 @ 3.20GHz', '479.95', 6032, 1463, 130, 2009, 'Server', 'INTEL', 'LGA1366'),
('Xeon W3580', 'INTEL Xeon W3580 @ 3.33GHz', '214.50', 6167, 1489, 130, 2009, 'Server', 'INTEL', 'LGA1366'),
('Xeon W3670', 'INTEL Xeon W3670 @ 3.20GHz', '499.99', 8016, 1434, 130, 2011, 'Server', 'INTEL', 'LGA1366'),
('Xeon W3680', 'INTEL Xeon W3680 @ 3.33GHz', '108.99', 8893, 1519, 130, 2010, 'Server', 'INTEL', 'LGA1366'),
('Xeon W3690', 'INTEL Xeon W3690 @ 3.47GHz', '144.99', 8958, 1560, 130, 2011, 'Server', 'INTEL', 'LGA1366'),
('Xeon W5580', 'INTEL Xeon W5580 @ 3.20GHz', '68.99', 5836, 1428, 130, 2009, 'Server', 'INTEL', 'LGA1366'),
('Xeon W5590', 'INTEL Xeon W5590 @ 3.33GHz', '81.99', 6070, 1473, 130, 2009, 'Server', 'INTEL', 'LGA1366'),
('Xeon X3210', 'INTEL Xeon X3210 @ 2.13GHz', '185.71', 2739, 845, 105, 2008, 'Server', 'INTEL', 'LGA775'),
('Xeon X3220', 'INTEL Xeon X3220 @ 2.40GHz', '60.15', 3089, 931, 105, 2009, 'Server', 'INTEL', 'LGA775'),
('Xeon X3230', 'INTEL Xeon X3230 @ 2.66GHz', '71.50', 3391, 1036, 95, 2009, 'Server', 'INTEL', 'LGA775'),
('Xeon X3320', 'INTEL Xeon X3320 @ 2.50GHz', '229.50', 3306, 1072, 95, 2009, 'Server', 'INTEL', 'LGA775'),
('Xeon X3323', 'INTEL Xeon X3323 @ 2.50GHz', '19.36', 3177, 1059, 80, 2014, 'Server', 'INTEL', 'LGA775'),
('Xeon X3330', 'INTEL Xeon X3330 @ 2.66GHz', '210.00', 3340, 1148, 95, 2010, 'Server', 'INTEL', 'LGA775'),
('Xeon X3350', 'INTEL Xeon X3350 @ 2.66GHz', '59.99', 3820, 1149, 95, 2008, 'Server', 'INTEL', 'LGA775'),
('Xeon X3353', 'INTEL Xeon X3353 @ 2.66GHz', '73.50', 3853, 1120, 80, 2014, 'Server', 'INTEL', 'LGA775'),
('Xeon X3360', 'INTEL Xeon X3360 @ 2.83GHz', '157.95', 3925, 1190, 95, 2009, 'Server', 'INTEL', 'LGA775'),
('Xeon X3363', 'INTEL Xeon X3363 @ 2.83GHz', '34.09', 3981, 1205, 80, 2013, 'Server', 'INTEL', 'LGA771'),
('Xeon X3370', 'INTEL Xeon X3370 @ 3.00GHz', '367.02', 4284, 1271, 95, 2009, 'Server', 'INTEL', 'LGA775'),
('Xeon X3380', 'INTEL Xeon X3380 @ 3.16GHz', '509.95', 4600, 1348, 95, 2009, 'Server', 'INTEL', 'LGA775'),
('Xeon X3430', 'INTEL Xeon X3430 @ 2.40GHz', '31.99', 3340, 982, 95, 2009, 'Server', 'INTEL', 'LGA1156'),
('Xeon X3440', 'INTEL Xeon X3440 @ 2.53GHz', '141.96', 4509, 1058, 95, 2009, 'Server', 'INTEL', 'LGA1156'),
('Xeon X3450', 'INTEL Xeon X3450 @ 2.67GHz', '79.95', 4744, 1157, 95, 2009, 'Server', 'INTEL', 'LGA1156'),
('Xeon X3460', 'INTEL Xeon X3460 @ 2.80GHz', '357.00', 5142, 1271, 95, 2010, 'Server', 'INTEL', 'LGA1156'),
('Xeon X3470', 'INTEL Xeon X3470 @ 2.93GHz', '159.95', 5331, 1332, 95, 2010, 'Server', 'INTEL', 'LGA1156'),
('Xeon X5260', 'INTEL Xeon X5260 @ 3.33GHz', '54.00', 2448, 1414, 80, 2009, 'Server', 'INTEL', 'LGA771'),
('Xeon X5272', 'INTEL Xeon X5272 @ 3.40GHz', '140.00', 2425, 1352, 80, 2009, 'Server', 'INTEL', 'LGA771'),
('Xeon X5355', 'INTEL Xeon X5355 @ 2.66GHz', '309.95', 3150, 1011, 120, 2009, 'Server', 'INTEL', 'LGA771'),
('Xeon X5365', 'INTEL Xeon X5365 @ 3.00GHz', '77.99', 3549, 1172, 150, 2009, 'Server', 'INTEL', 'LGA771'),
('Xeon X5450', 'INTEL Xeon X5450 @ 3.00GHz', '59.96', 4103, 1259, 120, 2009, 'Server', 'INTEL', 'LGA771'),
('Xeon X5460', 'INTEL Xeon X5460 @ 3.16GHz', '99.78', 4318, 1325, 120, 2009, 'Server', 'INTEL', 'LGA771'),
('Xeon X5470', 'INTEL Xeon X5470 @ 3.33GHz', '189.00', 4566, 1384, 120, 2009, 'Server', 'INTEL', 'LGA771'),
('Xeon X5472', 'INTEL Xeon X5472 @ 3.00GHz', '225.00', 4001, 1212, 120, 2009, 'Server', 'INTEL', 'LGA771'),
('Xeon X5482', 'INTEL Xeon X5482 @ 3.20GHz', '99.99', 4528, 1363, 150, 2009, 'Server', 'INTEL', 'LGA771'),
('Xeon X5492', 'INTEL Xeon X5492 @ 3.40GHz', '1391.29', 4846, 1447, 150, 2008, 'Server', 'INTEL', 'LGA771'),
('Xeon X5550', 'INTEL Xeon X5550 @ 2.67GHz', '304.85', 5270, 1262, 95, 2009, 'Server', 'INTEL', 'LGA1366'),
('Xeon X5560', 'INTEL Xeon X5560 @ 2.80GHz', '33.99', 5389, 1290, 95, 2009, 'Server', 'INTEL', 'LGA1366'),
('Xeon X5570', 'INTEL Xeon X5570 @ 2.93GHz', '239.95', 5600, 1376, 95, 2009, 'Server', 'INTEL', 'LGA1366'),
('Xeon X5647', 'INTEL Xeon X5647 @ 2.93GHz', '19.93', 5797, 1313, 130, 2011, 'Server', 'INTEL', 'LGA1366'),
('Xeon X5650', 'INTEL Xeon X5650 @ 2.67GHz', '94.08', 7267, 1248, 95, 2010, 'Server', 'INTEL', 'LGA1366'),
('Xeon X5660', 'INTEL Xeon X5660 @ 2.80GHz', '34.99', 7533, 1302, 95, 2010, 'Server', 'INTEL', 'LGA1366'),
('Xeon X5667', 'INTEL Xeon X5667 @ 3.07GHz', '23.33', 6200, 1389, 95, 2010, 'Server', 'INTEL', 'LGA1366'),
('Xeon X5670', 'INTEL Xeon X5670 @ 2.93GHz', '33.28', 7796, 1364, 95, 2010, 'Server', 'INTEL', 'LGA1366'),
('Xeon X5672', 'INTEL Xeon X5672 @ 3.20GHz', '44.99', 6461, 1434, 95, 2011, 'Server', 'INTEL', 'LGA1366'),
('Xeon X5675', 'INTEL Xeon X5675 @ 3.07GHz', '45.88', 7966, 1415, 95, 2011, 'Server', 'INTEL', 'LGA1366'),
('Xeon X5677', 'INTEL Xeon X5677 @ 3.47GHz', '27.86', 6755, 1506, 130, 2010, 'Server', 'INTEL', 'LGA1366'),
('Xeon X5680', 'INTEL Xeon X5680 @ 3.33GHz', '69.29', 8353, 1478, 130, 2010, 'Server', 'INTEL', 'LGA1366'),
('Xeon X5687', 'INTEL Xeon X5687 @ 3.60GHz', '58.50', 6960, 1606, 130, 2011, 'Server', 'INTEL', 'LGA1366'),
('Xeon X5690', 'INTEL Xeon X5690 @ 3.47GHz', '108.00', 8766, 1536, 130, 2011, 'Server', 'INTEL', 'LGA1366');

-- --------------------------------------------------------

--
-- Structure de la table `socket`
--

CREATE TABLE `socket` (
  `socket` char(16) NOT NULL,
  `utilisation` char(16) NOT NULL,
  `libelle` char(64) NOT NULL,
  `annee` int(11) NOT NULL,
  `fabricant` char(16) NOT NULL
) ENGINE=InnoDB DEFAULT CHARSET=utf8;

--
-- Déchargement des données de la table `socket`
--

INSERT INTO `socket` (`socket`, `utilisation`, `libelle`, `annee`, `fabricant`) VALUES
('AM1', 'DESKTOP', 'AM1', 2014, 'AMD'),
('AM2AM2Plus', 'DESKTOP', 'AM2-AM2+', 2006, 'AMD'),
('AM3AM3Plus', 'DESKTOP', 'AM3/AM3+', 2009, 'AMD'),
('AM4', 'DESKTOP', 'AM4', 2017, 'AMD'),
('BGA1170', 'DESKTOP', 'BGA 1170', 2016, 'INTEL'),
('BGA1667', 'SERVEUR', 'FCBGA 1667', 2015, 'INTEL'),
('BGA2518', 'SERVEUR', 'BGA 2518', 2018, 'INTEL'),
('C32', 'SERVEUR', 'C32', 2010, 'AMD'),
('F(1207)', 'SERVEUR', 'F (1207)', 2006, 'AMD'),
('FM1', 'DESKTOP', 'FM1', 2011, 'AMD'),
('FM2FM2Plus', 'DESKTOP', 'FM2/FM2+', 2012, 'AMD'),
('G34', 'SERVEUR', 'G34', 2011, 'AMD'),
('LGA1150', 'DESKTOP', 'LGA 1150', 2013, 'INTEL'),
('LGA1151', 'DESKTOP', 'LGA 1151', 2015, 'INTEL'),
('LGA1151-2', 'DESKTOP', 'LGA 1151-v2', 2017, 'INTEL'),
('LGA1155', 'DESKTOP', 'LGA 1155', 2011, 'INTEL'),
('LGA1156', 'DESKTOP', 'LGA 1156', 2009, 'INTEL'),
('LGA1356', 'SERVEUR', 'LGA 1356', 2012, 'INTEL'),
('LGA1366', 'SERVEUR', 'LGA 1366', 2008, 'INTEL'),
('LGA1567', 'SERVEUR', 'LGA 1567', 2010, 'INTEL'),
('LGA2011', 'SERVEUR', 'LGA 2011', 2011, 'INTEL'),
('LGA2011-3', 'SERVEUR', 'LGA 2011-v3', 2014, 'INTEL'),
('LGA2066', 'SERVEUR', 'LGA 2066', 2017, 'INTEL'),
('LGA3647', 'SERVEUR', 'LGA 3647', 2016, 'INTEL'),
('LGA771', 'DESKTOP', 'LGA 771', 2006, 'INTEL'),
('LGA775', 'DESKTOP', 'LGA 775', 2004, 'INTEL'),
('NA', 'Inconnu', 'Non référencé', 1970, 'NA'),
('PGA370', 'DESKTOP', 'PGA 370', 2001, 'INTEL'),
('PGA423', 'DESKTOP', 'PGA 423', 2000, 'INTEL'),
('PGA478', 'DESKTOP', 'PGA 478', 2001, 'INTEL'),
('PGA603', 'SERVEUR', 'PGA 603', 2006, 'INTEL'),
('PGA604', 'SERVEUR', 'PGA 604', 2002, 'INTEL'),
('Socket462', 'DESKTOP/SERVEUR', 'Socket 462', 2003, 'AMD'),
('Socket754', 'DESKTOP/SERVEUR', 'Socket 754', 2003, 'AMD'),
('Socket939', 'DESKTOP/SERVEUR', 'Socket 939', 2004, 'AMD'),
('Socket940', 'DESKTOP/SERVEUR', 'Socket 940', 2003, 'AMD'),
('SP3', 'SERVEUR', 'SP3', 2017, 'AMD'),
('SP4', 'SERVEUR', 'SP4', 2017, 'AMD'),
('sTR4', 'DESKTOP', 'sTR4', 2017, 'AMD'),
('sTRX4', 'DESKTOP', 'sTRX4', 2019, 'AMD');

--
-- Index pour les tables déchargées
--

--
-- Index pour la table `fabricant`
--
ALTER TABLE `fabricant`
  ADD PRIMARY KEY (`fab_ref`);

--
-- Index pour la table `processeur`
--
ALTER TABLE `processeur`
  ADD PRIMARY KEY (`reference`),
  ADD KEY `socket` (`socket`),
  ADD KEY `fabricant` (`fabricant`,`socket`);

--
-- Index pour la table `socket`
--
ALTER TABLE `socket`
  ADD PRIMARY KEY (`socket`);

--
-- Contraintes pour les tables déchargées
--

--
-- Contraintes pour la table `processeur`
--
ALTER TABLE `processeur`
  ADD CONSTRAINT `processeur_ibfk_1` FOREIGN KEY (`socket`) REFERENCES `socket` (`socket`) ON DELETE CASCADE ON UPDATE CASCADE,
  ADD CONSTRAINT `processeur_ibfk_2` FOREIGN KEY (`fabricant`) REFERENCES `fabricant` (`fab_ref`) ON DELETE CASCADE ON UPDATE CASCADE;
COMMIT;

/*!40101 SET CHARACTER_SET_CLIENT=@OLD_CHARACTER_SET_CLIENT */;
/*!40101 SET CHARACTER_SET_RESULTS=@OLD_CHARACTER_SET_RESULTS */;
/*!40101 SET COLLATION_CONNECTION=@OLD_COLLATION_CONNECTION */;
